shipment_id,month,carrier,region,promised_days,actual_days,complete
1,2025-04,Carrier C,South,3,6,1
2,2025-05,Carrier A,South,3,2,1
3,2025-09,Carrier C,North,3,3,1
4,2025-11,Carrier C,West,3,4,1
5,2025-04,Carrier C,North,3,3,1
6,2025-03,Carrier A,East,3,3,1
7,2025-01,Carrier A,South,3,1,1
8,2025-05,Carrier A,North,3,2,1
9,2025-11,Carrier B,East,3,1,1
10,2025-03,Carrier A,West,3,1,1
11,2025-05,Carrier A,West,3,2,1
12,2025-04,Carrier C,North,3,6,1
13,2025-12,Carrier B,West,3,2,1
14,2025-12,Carrier A,North,3,2,1
15,2025-03,Carrier B,North,3,3,1
16,2025-04,Carrier B,West,3,2,1
17,2025-09,Carrier B,East,3,1,1
18,2025-01,Carrier B,West,3,3,1
19,2025-01,Carrier C,North,3,2,1
20,2025-12,Carrier B,West,3,1,1
21,2025-11,Carrier B,North,3,4,1
22,2025-08,Carrier C,East,3,6,1
23,2025-09,Carrier B,West,3,4,1
24,2025-03,Carrier B,South,3,4,1
25,2025-03,Carrier B,North,3,2,1
26,2025-11,Carrier C,East,3,2,1
27,2025-11,Carrier C,North,3,6,1
28,2025-08,Carrier C,North,3,3,1
29,2025-10,Carrier A,West,3,2,1
30,2025-03,Carrier B,East,3,3,1
31,2025-07,Carrier A,East,3,2,1
32,2025-01,Carrier B,West,3,4,1
33,2025-05,Carrier C,East,3,6,1
34,2025-05,Carrier C,South,3,3,1
35,2025-05,Carrier B,South,3,2,1
36,2025-01,Carrier C,North,3,6,1
37,2025-01,Carrier B,East,3,3,1
38,2025-02,Carrier A,North,3,2,1
39,2025-05,Carrier B,East,3,2,1
40,2025-03,Carrier A,North,3,2,1
41,2025-01,Carrier B,South,3,2,1
42,2025-08,Carrier A,East,3,1,1
43,2025-10,Carrier A,East,3,3,1
44,2025-08,Carrier C,North,3,5,1
45,2025-02,Carrier C,North,3,3,1
46,2025-07,Carrier A,North,3,2,1
47,2025-08,Carrier B,East,3,3,1
48,2025-01,Carrier B,South,3,3,1
49,2025-10,Carrier B,West,3,3,1
50,2025-06,Carrier C,East,3,5,1
51,2025-07,Carrier A,North,3,3,1
52,2025-02,Carrier B,West,3,2,1
53,2025-01,Carrier B,West,3,2,1
54,2025-06,Carrier C,West,3,3,1
55,2025-07,Carrier A,North,3,4,1
56,2025-07,Carrier B,East,3,2,1
57,2025-08,Carrier A,South,3,2,1
58,2025-03,Carrier B,South,3,2,1
59,2025-03,Carrier B,South,3,3,1
60,2025-12,Carrier A,West,3,3,1
61,2025-08,Carrier A,South,3,3,1
62,2025-12,Carrier A,West,3,3,1
63,2025-03,Carrier A,East,3,2,0
64,2025-11,Carrier C,West,3,3,1
65,2025-06,Carrier B,West,3,2,1
66,2025-06,Carrier C,North,3,5,1
67,2025-11,Carrier B,East,3,2,0
68,2025-03,Carrier B,South,3,4,1
69,2025-01,Carrier C,West,3,2,1
70,2025-06,Carrier C,West,3,5,1
71,2025-08,Carrier C,West,3,3,1
72,2025-03,Carrier B,North,3,1,1
73,2025-10,Carrier A,North,3,4,1
74,2025-12,Carrier B,North,3,3,1
75,2025-10,Carrier C,South,3,5,1
76,2025-04,Carrier B,South,3,1,0
77,2025-05,Carrier A,East,3,2,1
78,2025-09,Carrier C,East,3,3,1
79,2025-01,Carrier A,North,3,4,1
80,2025-07,Carrier B,South,3,2,1
81,2025-05,Carrier C,South,3,3,1
82,2025-03,Carrier B,North,3,2,0
83,2025-03,Carrier A,West,3,3,1
84,2025-06,Carrier B,West,3,2,1
85,2025-08,Carrier C,South,3,4,1
86,2025-08,Carrier C,South,3,5,1
87,2025-09,Carrier B,West,3,3,1
88,2025-04,Carrier B,North,3,3,1
89,2025-06,Carrier C,West,3,6,1
90,2025-12,Carrier C,West,3,4,1
91,2025-05,Carrier B,South,3,1,1
92,2025-10,Carrier A,East,3,4,1
93,2025-06,Carrier C,West,3,3,1
94,2025-04,Carrier A,East,3,2,1
95,2025-08,Carrier B,South,3,2,1
96,2025-02,Carrier C,West,3,4,1
97,2025-04,Carrier A,North,3,3,1
98,2025-10,Carrier B,West,3,2,1
99,2025-11,Carrier B,West,3,1,1
100,2025-10,Carrier A,South,3,3,1
101,2025-10,Carrier B,South,3,2,1
102,2025-11,Carrier C,East,3,3,1
103,2025-08,Carrier C,West,3,6,1
104,2025-03,Carrier C,North,3,3,1
105,2025-07,Carrier B,West,3,3,1
106,2025-01,Carrier A,North,3,1,1
107,2025-04,Carrier C,East,3,5,1
108,2025-06,Carrier C,North,3,5,1
109,2025-05,Carrier A,North,3,3,1
110,2025-08,Carrier B,West,3,3,1
111,2025-04,Carrier B,South,3,3,1
112,2025-11,Carrier A,South,3,3,1
113,2025-03,Carrier A,South,3,3,1
114,2025-11,Carrier C,West,3,3,1
115,2025-05,Carrier B,East,3,2,1
116,2025-10,Carrier C,South,3,4,1
117,2025-10,Carrier B,South,3,3,1
118,2025-01,Carrier C,West,3,3,1
119,2025-03,Carrier C,South,3,6,1
120,2025-11,Carrier B,West,3,4,1
121,2025-05,Carrier B,West,3,3,1
122,2025-10,Carrier C,East,3,2,1
123,2025-04,Carrier C,South,3,4,1
124,2025-12,Carrier A,South,3,1,1
125,2025-07,Carrier C,West,3,3,1
126,2025-10,Carrier C,West,3,3,1
127,2025-04,Carrier B,East,3,2,1
128,2025-10,Carrier B,North,3,2,1
129,2025-09,Carrier A,East,3,1,1
130,2025-05,Carrier C,East,3,5,1
131,2025-12,Carrier A,North,3,1,1
132,2025-07,Carrier C,East,3,3,1
133,2025-07,Carrier A,South,3,2,1
134,2025-02,Carrier A,East,3,3,1
135,2025-11,Carrier C,West,3,5,1
136,2025-02,Carrier A,East,3,2,1
137,2025-02,Carrier C,East,3,5,1
138,2025-09,Carrier C,South,3,3,1
139,2025-08,Carrier C,South,3,5,1
140,2025-02,Carrier B,North,3,2,1
141,2025-11,Carrier B,East,3,3,1
142,2025-07,Carrier A,West,3,1,1
143,2025-06,Carrier C,North,3,3,1
144,2025-03,Carrier C,South,3,5,0
145,2025-09,Carrier A,South,3,3,1
146,2025-11,Carrier B,West,3,1,1
147,2025-01,Carrier A,East,3,1,1
148,2025-02,Carrier A,North,3,2,1
149,2025-12,Carrier A,West,3,1,1
150,2025-02,Carrier B,North,3,3,1
151,2025-02,Carrier C,West,3,5,1
152,2025-03,Carrier C,North,3,4,1
153,2025-09,Carrier B,North,3,4,1
154,2025-06,Carrier A,East,3,4,1
155,2025-11,Carrier A,East,3,1,1
156,2025-05,Carrier B,East,3,2,1
157,2025-06,Carrier B,South,3,1,1
158,2025-06,Carrier A,North,3,2,1
159,2025-11,Carrier B,West,3,3,1
160,2025-07,Carrier A,South,3,2,1
161,2025-04,Carrier B,West,3,4,1
162,2025-11,Carrier B,North,3,2,1
163,2025-06,Carrier C,East,3,2,1
164,2025-02,Carrier C,South,3,5,1
165,2025-02,Carrier B,West,3,1,1
166,2025-06,Carrier C,North,3,3,1
167,2025-09,Carrier C,North,3,2,1
168,2025-02,Carrier C,East,3,3,1
169,2025-01,Carrier C,South,3,2,1
170,2025-12,Carrier C,West,3,5,1
171,2025-01,Carrier B,East,3,2,1
172,2025-05,Carrier C,North,3,4,1
173,2025-12,Carrier A,West,3,4,1
174,2025-05,Carrier A,South,3,1,1
175,2025-06,Carrier B,West,3,2,1
176,2025-06,Carrier A,West,3,2,1
177,2025-12,Carrier A,South,3,4,1
178,2025-01,Carrier A,South,3,2,1
179,2025-12,Carrier B,North,3,2,1
180,2025-09,Carrier A,East,3,4,1
181,2025-08,Carrier C,South,3,3,1
182,2025-03,Carrier C,South,3,3,0
183,2025-12,Carrier C,East,3,6,1
184,2025-05,Carrier C,South,3,5,1
185,2025-07,Carrier C,South,3,2,1
186,2025-07,Carrier A,East,3,3,1
187,2025-02,Carrier A,South,3,3,1
188,2025-02,Carrier C,West,3,6,1
189,2025-07,Carrier C,West,3,5,1
190,2025-08,Carrier A,North,3,2,1
191,2025-12,Carrier B,South,3,2,1
192,2025-10,Carrier B,North,3,2,1
193,2025-12,Carrier B,West,3,2,1
194,2025-09,Carrier A,North,3,3,1
195,2025-11,Carrier B,West,3,4,1
196,2025-01,Carrier B,North,3,3,1
197,2025-08,Carrier A,North,3,2,1
198,2025-01,Carrier A,East,3,2,1
199,2025-03,Carrier B,East,3,1,1
200,2025-11,Carrier C,East,3,4,1
201,2025-10,Carrier C,South,3,3,1
202,2025-11,Carrier A,West,3,4,1
203,2025-03,Carrier B,North,3,4,1
204,2025-11,Carrier B,West,3,3,1
205,2025-12,Carrier C,North,3,3,1
206,2025-06,Carrier B,South,3,3,1
207,2025-06,Carrier C,East,3,6,1
208,2025-11,Carrier B,West,3,3,1
209,2025-02,Carrier A,West,3,3,1
210,2025-06,Carrier B,North,3,4,1
211,2025-11,Carrier A,North,3,2,1
212,2025-03,Carrier A,North,3,1,1
213,2025-10,Carrier C,East,3,3,1
214,2025-01,Carrier C,West,3,5,1
215,2025-03,Carrier C,East,3,5,1
216,2025-09,Carrier A,South,3,2,1
217,2025-05,Carrier B,South,3,2,1
218,2025-11,Carrier A,North,3,4,1
219,2025-05,Carrier A,East,3,2,1
220,2025-09,Carrier B,East,3,2,1
221,2025-02,Carrier B,East,3,3,1
222,2025-11,Carrier C,West,3,2,0
223,2025-09,Carrier B,East,3,2,1
224,2025-08,Carrier B,East,3,2,1
225,2025-08,Carrier C,East,3,3,1
226,2025-10,Carrier B,North,3,3,1
227,2025-07,Carrier B,East,3,1,1
228,2025-04,Carrier C,North,3,2,0
229,2025-07,Carrier B,East,3,2,1
230,2025-05,Carrier B,East,3,2,1
231,2025-05,Carrier A,North,3,1,1
232,2025-06,Carrier C,East,3,5,1
233,2025-07,Carrier C,South,3,2,1
234,2025-11,Carrier B,South,3,2,1
235,2025-06,Carrier B,South,3,2,1
236,2025-09,Carrier B,South,3,4,1
237,2025-01,Carrier A,West,3,1,1
238,2025-07,Carrier A,North,3,1,1
239,2025-06,Carrier B,West,3,3,1
240,2025-03,Carrier C,North,3,6,1
241,2025-07,Carrier A,North,3,3,1
242,2025-02,Carrier B,North,3,1,1
243,2025-10,Carrier C,North,3,3,1
244,2025-07,Carrier C,North,3,3,1
245,2025-03,Carrier A,East,3,3,1
246,2025-08,Carrier C,South,3,5,1
247,2025-09,Carrier C,West,3,5,1
248,2025-11,Carrier A,West,3,4,1
249,2025-08,Carrier A,East,3,3,1
250,2025-04,Carrier C,North,3,6,1
251,2025-01,Carrier B,West,3,1,1
252,2025-11,Carrier A,West,3,1,1
253,2025-10,Carrier A,North,3,2,1
254,2025-02,Carrier B,East,3,2,0
255,2025-03,Carrier B,East,3,2,1
256,2025-06,Carrier C,South,3,5,1
257,2025-08,Carrier B,East,3,1,1
258,2025-09,Carrier A,South,3,1,1
259,2025-09,Carrier C,East,3,3,1
260,2025-02,Carrier C,South,3,2,1
261,2025-04,Carrier C,West,3,3,1
262,2025-03,Carrier A,West,3,2,1
263,2025-07,Carrier C,East,3,6,1
264,2025-07,Carrier B,South,3,2,1
265,2025-06,Carrier C,East,3,5,1
266,2025-11,Carrier B,East,3,2,1
267,2025-05,Carrier C,North,3,3,1
268,2025-03,Carrier C,East,3,3,1
269,2025-02,Carrier C,East,3,4,1
270,2025-05,Carrier C,West,3,6,1
271,2025-08,Carrier B,East,3,3,0
272,2025-03,Carrier A,North,3,2,0
273,2025-01,Carrier B,East,3,1,1
274,2025-05,Carrier A,North,3,2,1
275,2025-11,Carrier A,South,3,2,1
276,2025-06,Carrier B,North,3,3,1
277,2025-10,Carrier A,South,3,3,1
278,2025-08,Carrier A,South,3,3,1
279,2025-08,Carrier A,South,3,4,0
280,2025-05,Carrier C,West,3,5,1
281,2025-12,Carrier B,East,3,4,1
282,2025-03,Carrier B,North,3,2,1
283,2025-06,Carrier B,North,3,3,1
284,2025-01,Carrier B,West,3,2,1
285,2025-04,Carrier A,West,3,2,1
286,2025-06,Carrier C,East,3,4,1
287,2025-03,Carrier B,North,3,4,1
288,2025-05,Carrier A,East,3,4,1
289,2025-10,Carrier A,South,3,2,1
290,2025-09,Carrier C,West,3,6,1
291,2025-05,Carrier B,West,3,2,1
292,2025-06,Carrier C,East,3,5,1
293,2025-05,Carrier C,South,3,6,1
294,2025-09,Carrier B,West,3,1,1
295,2025-01,Carrier C,East,3,2,1
296,2025-01,Carrier C,West,3,3,1
297,2025-12,Carrier B,West,3,3,1
298,2025-05,Carrier B,South,3,3,1
299,2025-09,Carrier A,West,3,4,1
300,2025-02,Carrier A,South,3,3,1
301,2025-07,Carrier B,East,3,3,1
302,2025-01,Carrier A,East,3,3,1
303,2025-08,Carrier A,South,3,2,1
304,2025-03,Carrier B,East,3,3,1
305,2025-01,Carrier B,West,3,3,1
306,2025-09,Carrier B,North,3,4,1
307,2025-08,Carrier B,North,3,3,1
308,2025-06,Carrier C,West,3,6,1
309,2025-12,Carrier B,West,3,3,1
310,2025-03,Carrier A,West,3,2,1
311,2025-10,Carrier C,South,3,2,1
312,2025-04,Carrier A,East,3,1,1
313,2025-07,Carrier A,South,3,2,1
314,2025-11,Carrier C,West,3,6,1
315,2025-12,Carrier B,West,3,3,1
316,2025-01,Carrier B,East,3,4,1
317,2025-09,Carrier C,South,3,2,1
318,2025-04,Carrier B,North,3,3,1
319,2025-10,Carrier A,South,3,1,0
320,2025-03,Carrier A,West,3,4,1
321,2025-10,Carrier B,South,3,2,1
322,2025-05,Carrier A,North,3,2,1
323,2025-06,Carrier C,North,3,4,1
324,2025-12,Carrier C,South,3,3,0
325,2025-09,Carrier C,East,3,4,1
326,2025-05,Carrier A,West,3,4,1
327,2025-04,Carrier C,North,3,2,1
328,2025-08,Carrier B,North,3,4,1
329,2025-04,Carrier A,South,3,3,1
330,2025-03,Carrier B,West,3,2,1
331,2025-02,Carrier B,East,3,2,1
332,2025-01,Carrier A,East,3,2,1
333,2025-01,Carrier A,South,3,2,1
334,2025-01,Carrier C,West,3,5,1
335,2025-12,Carrier C,North,3,4,1
336,2025-12,Carrier A,South,3,4,1
337,2025-04,Carrier A,South,3,2,1
338,2025-03,Carrier C,North,3,3,1
339,2025-06,Carrier B,West,3,3,1
340,2025-03,Carrier C,West,3,5,1
341,2025-08,Carrier B,East,3,3,1
342,2025-04,Carrier C,East,3,3,1
343,2025-11,Carrier A,South,3,3,1
344,2025-04,Carrier C,South,3,5,1
345,2025-11,Carrier C,West,3,2,1
346,2025-10,Carrier A,North,3,3,1
347,2025-09,Carrier C,West,3,4,1
348,2025-10,Carrier B,West,3,3,1
349,2025-03,Carrier C,West,3,4,1
350,2025-02,Carrier A,East,3,1,1
351,2025-11,Carrier C,North,3,3,1
352,2025-08,Carrier C,North,3,5,1
353,2025-09,Carrier B,East,3,1,1
354,2025-07,Carrier A,North,3,3,1
355,2025-01,Carrier B,West,3,2,1
356,2025-12,Carrier B,South,3,2,0
357,2025-01,Carrier C,West,3,3,1
358,2025-04,Carrier C,South,3,3,1
359,2025-06,Carrier C,West,3,3,1
360,2025-07,Carrier C,North,3,5,1
361,2025-06,Carrier A,East,3,2,1
362,2025-08,Carrier A,West,3,3,1
363,2025-02,Carrier A,South,3,3,1
364,2025-02,Carrier B,South,3,2,1
365,2025-12,Carrier A,West,3,4,1
366,2025-01,Carrier A,West,3,1,1
367,2025-01,Carrier A,South,3,2,0
368,2025-04,Carrier C,West,3,2,1
369,2025-01,Carrier B,West,3,3,1
370,2025-05,Carrier C,North,3,6,1
371,2025-06,Carrier A,North,3,4,1
372,2025-07,Carrier A,North,3,3,0
373,2025-06,Carrier C,North,3,4,1
374,2025-03,Carrier A,North,3,1,1
375,2025-08,Carrier C,North,3,3,1
376,2025-07,Carrier A,South,3,3,1
377,2025-03,Carrier B,North,3,4,1
378,2025-05,Carrier A,North,3,2,1
379,2025-11,Carrier B,East,3,3,1
380,2025-06,Carrier A,South,3,3,1
381,2025-06,Carrier C,North,3,5,1
382,2025-04,Carrier C,South,3,5,1
383,2025-07,Carrier A,North,3,1,1
384,2025-09,Carrier A,North,3,2,1
385,2025-06,Carrier A,South,3,2,1
386,2025-05,Carrier B,West,3,2,1
387,2025-02,Carrier B,South,3,2,1
388,2025-01,Carrier C,South,3,3,1
389,2025-04,Carrier C,South,3,3,1
390,2025-08,Carrier B,North,3,3,1
391,2025-10,Carrier A,North,3,2,1
392,2025-01,Carrier C,South,3,2,1
393,2025-08,Carrier B,North,3,1,1
394,2025-01,Carrier B,North,3,3,1
395,2025-11,Carrier C,South,3,2,1
396,2025-04,Carrier A,North,3,3,1
397,2025-05,Carrier B,West,3,3,1
398,2025-12,Carrier B,South,3,2,1
399,2025-05,Carrier B,West,3,2,1
400,2025-09,Carrier C,West,3,3,1
401,2025-02,Carrier B,South,3,1,1
402,2025-08,Carrier B,East,3,4,1
403,2025-08,Carrier A,East,3,3,1
404,2025-05,Carrier A,West,3,3,1
405,2025-12,Carrier C,East,3,4,1
406,2025-07,Carrier C,North,3,3,1
407,2025-03,Carrier C,East,3,5,0
408,2025-07,Carrier C,East,3,6,1
409,2025-07,Carrier A,West,3,2,1
410,2025-04,Carrier B,North,3,3,1
411,2025-09,Carrier A,South,3,1,1
412,2025-12,Carrier B,North,3,4,1
413,2025-06,Carrier B,East,3,1,1
414,2025-08,Carrier C,East,3,3,1
415,2025-01,Carrier B,East,3,3,0
416,2025-12,Carrier C,South,3,3,1
417,2025-11,Carrier B,North,3,2,1
418,2025-06,Carrier C,South,3,6,1
419,2025-06,Carrier C,South,3,6,1
420,2025-10,Carrier B,West,3,3,1
421,2025-11,Carrier A,South,3,1,1
422,2025-01,Carrier C,West,3,4,1
423,2025-01,Carrier A,West,3,2,1
424,2025-03,Carrier B,North,3,3,1
425,2025-09,Carrier C,West,3,2,1
426,2025-09,Carrier A,West,3,2,1
427,2025-06,Carrier A,West,3,1,1
428,2025-05,Carrier C,West,3,3,1
429,2025-06,Carrier C,East,3,3,1
430,2025-06,Carrier B,West,3,3,1
431,2025-04,Carrier A,East,3,2,1
432,2025-06,Carrier B,West,3,4,1
433,2025-06,Carrier C,East,3,2,1
434,2025-01,Carrier C,West,3,4,0
435,2025-08,Carrier B,South,3,2,1
436,2025-05,Carrier C,East,3,6,1
437,2025-09,Carrier C,West,3,3,1
438,2025-08,Carrier C,East,3,4,1
439,2025-01,Carrier A,South,3,2,0
440,2025-11,Carrier B,East,3,3,1
441,2025-08,Carrier B,West,3,4,1
442,2025-09,Carrier B,North,3,4,1
443,2025-02,Carrier B,North,3,2,1
444,2025-08,Carrier B,North,3,2,1
445,2025-03,Carrier C,East,3,5,1
446,2025-11,Carrier C,West,3,5,1
447,2025-03,Carrier A,West,3,2,1
448,2025-03,Carrier A,North,3,4,1
449,2025-06,Carrier A,South,3,3,1
450,2025-06,Carrier B,South,3,2,0
451,2025-08,Carrier C,West,3,4,1
452,2025-03,Carrier A,South,3,4,1
453,2025-12,Carrier C,East,3,3,1
454,2025-09,Carrier B,South,3,3,1
455,2025-02,Carrier B,North,3,1,1
456,2025-09,Carrier C,North,3,3,1
457,2025-10,Carrier A,South,3,4,1
458,2025-04,Carrier B,West,3,3,1
459,2025-11,Carrier A,North,3,3,1
460,2025-02,Carrier B,East,3,3,1
461,2025-09,Carrier A,East,3,3,1
462,2025-01,Carrier A,South,3,3,1
463,2025-10,Carrier C,East,3,3,1
464,2025-04,Carrier C,West,3,3,1
465,2025-09,Carrier A,South,3,2,1
466,2025-07,Carrier B,East,3,3,1
467,2025-01,Carrier C,East,3,3,1
468,2025-05,Carrier B,South,3,2,1
469,2025-03,Carrier B,North,3,2,1
470,2025-10,Carrier A,North,3,2,1
471,2025-09,Carrier B,South,3,1,1
472,2025-06,Carrier B,North,3,2,1
473,2025-11,Carrier C,South,3,6,1
474,2025-02,Carrier A,West,3,2,1
475,2025-01,Carrier B,South,3,4,1
476,2025-10,Carrier A,West,3,2,1
477,2025-07,Carrier C,North,3,3,1
478,2025-09,Carrier A,West,3,2,1
479,2025-04,Carrier C,East,3,3,1
480,2025-10,Carrier B,East,3,4,1
481,2025-10,Carrier C,North,3,6,0
482,2025-03,Carrier B,West,3,4,1
483,2025-08,Carrier C,South,3,4,1
484,2025-03,Carrier A,South,3,1,1
485,2025-06,Carrier C,West,3,3,1
486,2025-09,Carrier B,West,3,1,1
487,2025-06,Carrier A,East,3,3,1
488,2025-05,Carrier C,West,3,6,1
489,2025-09,Carrier B,West,3,3,1
490,2025-03,Carrier B,East,3,1,1
491,2025-07,Carrier C,North,3,2,1
492,2025-02,Carrier A,South,3,2,1
493,2025-03,Carrier B,South,3,4,0
494,2025-05,Carrier C,West,3,6,1
495,2025-05,Carrier B,South,3,3,1
496,2025-02,Carrier A,West,3,3,1
497,2025-08,Carrier A,East,3,4,1
498,2025-04,Carrier C,East,3,3,1
499,2025-07,Carrier B,North,3,2,1
500,2025-04,Carrier B,East,3,3,1
501,2025-12,Carrier A,West,3,1,1
502,2025-02,Carrier C,West,3,3,1
503,2025-01,Carrier A,East,3,4,1
504,2025-12,Carrier B,North,3,3,1
505,2025-06,Carrier B,East,3,2,1
506,2025-03,Carrier A,East,3,4,1
507,2025-03,Carrier C,East,3,6,1
508,2025-06,Carrier B,South,3,2,1
509,2025-10,Carrier C,West,3,5,1
510,2025-05,Carrier B,East,3,3,1
511,2025-07,Carrier B,North,3,2,1
512,2025-12,Carrier B,East,3,2,1
513,2025-01,Carrier C,North,3,6,1
514,2025-12,Carrier A,South,3,4,1
515,2025-11,Carrier B,West,3,2,1
516,2025-01,Carrier C,West,3,5,1
517,2025-02,Carrier A,East,3,4,1
518,2025-06,Carrier C,East,3,3,1
519,2025-03,Carrier B,North,3,2,1
520,2025-06,Carrier B,North,3,2,1
521,2025-08,Carrier A,East,3,4,1
522,2025-02,Carrier A,East,3,2,1
523,2025-12,Carrier C,South,3,3,1
524,2025-01,Carrier A,West,3,3,1
525,2025-05,Carrier C,East,3,6,0
526,2025-02,Carrier A,North,3,3,1
527,2025-10,Carrier B,East,3,1,1
528,2025-01,Carrier B,West,3,2,1
529,2025-10,Carrier A,East,3,1,1
530,2025-07,Carrier A,East,3,3,1
531,2025-11,Carrier B,West,3,1,1
532,2025-09,Carrier B,North,3,3,1
533,2025-02,Carrier B,East,3,4,1
534,2025-12,Carrier C,North,3,6,1
535,2025-09,Carrier A,East,3,1,1
536,2025-08,Carrier C,East,3,2,1
537,2025-03,Carrier B,East,3,3,1
538,2025-12,Carrier A,South,3,2,1
539,2025-02,Carrier C,North,3,5,1
540,2025-10,Carrier C,South,3,6,1
541,2025-06,Carrier C,South,3,5,1
542,2025-05,Carrier A,East,3,2,1
543,2025-03,Carrier A,North,3,3,1
544,2025-02,Carrier C,West,3,4,1
545,2025-06,Carrier A,East,3,3,1
546,2025-05,Carrier A,North,3,2,1
547,2025-06,Carrier B,West,3,2,1
548,2025-12,Carrier C,West,3,3,1
549,2025-06,Carrier B,West,3,3,1
550,2025-04,Carrier A,North,3,2,1
551,2025-04,Carrier C,West,3,6,1
552,2025-06,Carrier A,West,3,3,1
553,2025-05,Carrier C,East,3,6,1
554,2025-04,Carrier C,North,3,3,1
555,2025-06,Carrier A,North,3,3,1
556,2025-08,Carrier C,North,3,3,1
557,2025-12,Carrier B,West,3,2,1
558,2025-12,Carrier A,West,3,4,1
559,2025-02,Carrier A,South,3,3,1
560,2025-03,Carrier B,North,3,2,1
561,2025-09,Carrier C,North,3,3,1
562,2025-12,Carrier B,West,3,4,1
563,2025-08,Carrier C,North,3,4,1
564,2025-06,Carrier A,East,3,4,1
565,2025-01,Carrier C,North,3,5,1
566,2025-06,Carrier C,South,3,3,1
567,2025-11,Carrier C,East,3,2,1
568,2025-04,Carrier A,East,3,2,1
569,2025-10,Carrier C,West,3,2,1
570,2025-06,Carrier A,West,3,3,1
571,2025-12,Carrier B,South,3,1,1
572,2025-06,Carrier C,West,3,4,1
573,2025-05,Carrier B,South,3,1,1
574,2025-09,Carrier A,West,3,4,1
575,2025-11,Carrier C,East,3,4,1
576,2025-09,Carrier B,North,3,4,1
577,2025-04,Carrier C,West,3,5,1
578,2025-12,Carrier B,West,3,2,1
579,2025-09,Carrier A,South,3,2,1
580,2025-10,Carrier A,West,3,2,1
581,2025-06,Carrier C,East,3,5,1
582,2025-09,Carrier B,North,3,3,1
583,2025-07,Carrier B,East,3,3,1
584,2025-03,Carrier A,East,3,3,1
585,2025-01,Carrier C,North,3,2,1
586,2025-09,Carrier B,South,3,2,1
587,2025-10,Carrier A,West,3,1,1
588,2025-07,Carrier A,South,3,2,1
589,2025-05,Carrier A,North,3,1,1
590,2025-12,Carrier B,West,3,3,1
591,2025-09,Carrier A,South,3,3,1
592,2025-01,Carrier C,North,3,4,1
593,2025-09,Carrier B,South,3,4,1
594,2025-12,Carrier B,West,3,1,1
595,2025-03,Carrier C,South,3,6,1
596,2025-11,Carrier A,North,3,3,1
597,2025-05,Carrier A,North,3,1,1
598,2025-10,Carrier C,North,3,2,1
599,2025-02,Carrier C,West,3,3,1
600,2025-07,Carrier B,South,3,3,1
601,2025-08,Carrier A,West,3,1,1
602,2025-08,Carrier C,West,3,2,1
603,2025-04,Carrier B,East,3,4,1
604,2025-06,Carrier B,East,3,1,1
605,2025-11,Carrier A,South,3,3,1
606,2025-04,Carrier A,South,3,4,1
607,2025-08,Carrier B,South,3,1,1
608,2025-09,Carrier A,North,3,3,1
609,2025-08,Carrier B,East,3,1,1
610,2025-06,Carrier C,East,3,2,1
611,2025-04,Carrier A,East,3,4,1
612,2025-08,Carrier C,West,3,2,1
613,2025-12,Carrier B,South,3,3,1
614,2025-05,Carrier A,South,3,3,1
615,2025-01,Carrier A,South,3,1,1
616,2025-01,Carrier B,East,3,2,1
617,2025-08,Carrier C,North,3,4,1
618,2025-07,Carrier B,West,3,3,1
619,2025-03,Carrier B,West,3,1,1
620,2025-07,Carrier B,North,3,4,1
621,2025-10,Carrier C,South,3,2,0
622,2025-09,Carrier A,North,3,4,1
623,2025-11,Carrier A,North,3,2,1
624,2025-02,Carrier B,West,3,3,1
625,2025-04,Carrier C,North,3,2,1
626,2025-01,Carrier C,East,3,3,1
627,2025-02,Carrier A,East,3,4,1
628,2025-04,Carrier C,North,3,3,1
629,2025-04,Carrier B,North,3,2,1
630,2025-05,Carrier B,South,3,3,1
631,2025-03,Carrier C,East,3,3,0
632,2025-11,Carrier B,South,3,2,1
633,2025-08,Carrier A,North,3,3,1
634,2025-11,Carrier B,North,3,4,1
635,2025-01,Carrier B,East,3,2,0
636,2025-07,Carrier A,South,3,2,1
637,2025-06,Carrier A,East,3,3,1
638,2025-12,Carrier C,North,3,6,1
639,2025-08,Carrier B,East,3,1,1
640,2025-10,Carrier C,South,3,5,0
641,2025-09,Carrier B,West,3,3,1
642,2025-01,Carrier B,East,3,3,0
643,2025-03,Carrier A,North,3,4,1
644,2025-12,Carrier A,South,3,3,1
645,2025-02,Carrier A,North,3,2,1
646,2025-04,Carrier C,South,3,3,1
647,2025-01,Carrier A,West,3,4,1
648,2025-12,Carrier B,South,3,3,1
649,2025-10,Carrier C,East,3,4,1
650,2025-08,Carrier B,West,3,2,1
651,2025-08,Carrier A,North,3,2,1
652,2025-03,Carrier B,West,3,3,0
653,2025-10,Carrier A,West,3,3,1
654,2025-12,Carrier A,North,3,3,1
655,2025-02,Carrier C,North,3,3,1
656,2025-04,Carrier B,West,3,2,1
657,2025-01,Carrier C,East,3,5,1
658,2025-03,Carrier C,North,3,6,1
659,2025-05,Carrier C,North,3,6,1
660,2025-11,Carrier B,South,3,1,1
661,2025-01,Carrier A,East,3,4,1
662,2025-01,Carrier A,North,3,3,1
663,2025-12,Carrier B,North,3,3,1
664,2025-12,Carrier C,West,3,4,1
665,2025-08,Carrier B,North,3,3,1
666,2025-12,Carrier A,West,3,1,1
667,2025-09,Carrier A,West,3,4,1
668,2025-02,Carrier B,South,3,2,1
669,2025-05,Carrier B,South,3,4,1
670,2025-12,Carrier C,East,3,3,1
671,2025-11,Carrier B,South,3,2,1
672,2025-02,Carrier B,East,3,3,1
673,2025-03,Carrier A,North,3,2,1
674,2025-05,Carrier C,West,3,3,1
675,2025-12,Carrier A,West,3,4,1
676,2025-05,Carrier C,South,3,5,1
677,2025-11,Carrier A,South,3,3,1
678,2025-08,Carrier A,South,3,3,1
679,2025-09,Carrier C,North,3,4,1
680,2025-08,Carrier C,East,3,2,1
681,2025-01,Carrier C,North,3,4,1
682,2025-03,Carrier B,South,3,4,1
683,2025-06,Carrier A,South,3,3,1
684,2025-04,Carrier C,South,3,2,1
685,2025-03,Carrier A,South,3,2,1
686,2025-12,Carrier A,East,3,2,1
687,2025-09,Carrier C,South,3,4,1
688,2025-02,Carrier A,South,3,3,1
689,2025-03,Carrier A,West,3,3,1
690,2025-09,Carrier B,West,3,4,1
691,2025-08,Carrier A,North,3,2,1
692,2025-01,Carrier C,North,3,2,1
693,2025-11,Carrier C,East,3,4,1
694,2025-05,Carrier A,East,3,2,1
695,2025-02,Carrier B,North,3,4,1
696,2025-12,Carrier C,East,3,5,1
697,2025-10,Carrier C,East,3,4,1
698,2025-04,Carrier A,East,3,3,1
699,2025-01,Carrier A,South,3,2,1
700,2025-03,Carrier C,East,3,2,1
701,2025-01,Carrier B,East,3,1,1
702,2025-01,Carrier A,West,3,1,1
703,2025-07,Carrier B,South,3,4,1
704,2025-10,Carrier B,North,3,2,1
705,2025-11,Carrier B,South,3,2,1
706,2025-08,Carrier C,South,3,5,1
707,2025-07,Carrier A,West,3,3,1
708,2025-02,Carrier B,West,3,4,0
709,2025-06,Carrier B,North,3,1,1
710,2025-12,Carrier C,East,3,5,1
711,2025-02,Carrier C,North,3,3,1
712,2025-07,Carrier C,East,3,4,1
713,2025-10,Carrier C,South,3,3,1
714,2025-06,Carrier A,South,3,4,1
715,2025-02,Carrier C,North,3,3,1
716,2025-07,Carrier A,South,3,4,1
717,2025-11,Carrier A,South,3,2,1
718,2025-01,Carrier C,South,3,3,1
719,2025-07,Carrier B,West,3,4,1
720,2025-12,Carrier C,South,3,4,1
721,2025-07,Carrier C,West,3,5,1
722,2025-08,Carrier A,West,3,2,1
723,2025-02,Carrier A,South,3,3,1
724,2025-09,Carrier B,East,3,2,1
725,2025-01,Carrier C,North,3,3,1
726,2025-05,Carrier C,South,3,5,1
727,2025-02,Carrier A,South,3,2,1
728,2025-09,Carrier C,South,3,2,1
729,2025-06,Carrier C,East,3,6,1
730,2025-07,Carrier C,West,3,6,1
731,2025-01,Carrier B,North,3,1,1
732,2025-01,Carrier A,South,3,2,1
733,2025-06,Carrier C,North,3,4,1
734,2025-01,Carrier A,East,3,2,1
735,2025-09,Carrier A,North,3,4,1
736,2025-09,Carrier C,West,3,6,1
737,2025-08,Carrier A,East,3,3,1
738,2025-01,Carrier A,North,3,2,1
739,2025-05,Carrier C,North,3,3,1
740,2025-12,Carrier A,West,3,2,1
741,2025-09,Carrier A,West,3,2,1
742,2025-10,Carrier C,South,3,4,1
743,2025-10,Carrier A,South,3,4,0
744,2025-09,Carrier A,West,3,3,1
745,2025-01,Carrier A,South,3,3,1
746,2025-07,Carrier B,North,3,2,1
747,2025-06,Carrier C,South,3,2,1
748,2025-06,Carrier C,South,3,4,1
749,2025-06,Carrier C,South,3,6,1
750,2025-02,Carrier B,West,3,3,1
751,2025-02,Carrier C,North,3,3,1
752,2025-04,Carrier A,South,3,2,1
753,2025-09,Carrier C,North,3,3,1
754,2025-08,Carrier C,North,3,2,1
755,2025-06,Carrier A,South,3,3,1
756,2025-08,Carrier C,South,3,5,1
757,2025-03,Carrier C,North,3,2,1
758,2025-02,Carrier C,East,3,3,1
759,2025-03,Carrier A,West,3,3,1
760,2025-09,Carrier B,East,3,3,1
761,2025-10,Carrier B,North,3,3,1
762,2025-03,Carrier A,West,3,4,1
763,2025-05,Carrier B,East,3,3,1
764,2025-02,Carrier B,South,3,2,1
765,2025-03,Carrier B,South,3,2,1
766,2025-07,Carrier C,North,3,6,1
767,2025-09,Carrier C,North,3,4,1
768,2025-03,Carrier B,West,3,2,1
769,2025-09,Carrier A,North,3,3,1
770,2025-10,Carrier B,East,3,1,1
771,2025-07,Carrier B,South,3,2,1
772,2025-04,Carrier A,East,3,3,1
773,2025-09,Carrier B,West,3,2,0
774,2025-03,Carrier C,South,3,4,0
775,2025-03,Carrier C,South,3,6,1
776,2025-11,Carrier C,West,3,5,1
777,2025-11,Carrier C,West,3,6,1
778,2025-10,Carrier A,East,3,2,1
779,2025-02,Carrier B,West,3,2,0
780,2025-07,Carrier B,North,3,3,1
781,2025-09,Carrier C,East,3,2,1
782,2025-03,Carrier A,North,3,4,1
783,2025-06,Carrier A,East,3,1,1
784,2025-03,Carrier C,North,3,2,1
785,2025-02,Carrier A,South,3,3,0
786,2025-05,Carrier A,West,3,4,0
787,2025-05,Carrier C,West,3,3,1
788,2025-03,Carrier B,East,3,3,0
789,2025-10,Carrier B,South,3,3,1
790,2025-02,Carrier C,South,3,5,1
791,2025-01,Carrier A,North,3,1,1
792,2025-03,Carrier C,South,3,3,0
793,2025-03,Carrier B,North,3,4,1
794,2025-07,Carrier C,West,3,5,1
795,2025-07,Carrier B,East,3,3,1
796,2025-10,Carrier A,North,3,1,1
797,2025-03,Carrier A,North,3,4,1
798,2025-08,Carrier A,East,3,4,1
799,2025-07,Carrier B,West,3,3,1
800,2025-10,Carrier A,East,3,2,1
801,2025-01,Carrier C,South,3,2,1
802,2025-07,Carrier C,West,3,6,1
803,2025-07,Carrier C,West,3,4,1
804,2025-11,Carrier A,North,3,1,0
805,2025-12,Carrier B,North,3,2,1
806,2025-11,Carrier A,South,3,3,1
807,2025-08,Carrier A,South,3,2,1
808,2025-12,Carrier B,North,3,2,1
809,2025-11,Carrier B,East,3,3,1
810,2025-06,Carrier A,South,3,2,1
811,2025-05,Carrier A,West,3,1,1
812,2025-06,Carrier C,North,3,2,1
813,2025-10,Carrier A,South,3,1,1
814,2025-12,Carrier B,East,3,3,1
815,2025-09,Carrier A,East,3,1,0
816,2025-12,Carrier C,East,3,4,1
817,2025-05,Carrier A,West,3,2,1
818,2025-03,Carrier B,East,3,4,1
819,2025-05,Carrier A,South,3,3,1
820,2025-05,Carrier B,West,3,1,1
821,2025-11,Carrier B,East,3,3,1
822,2025-04,Carrier C,North,3,2,1
823,2025-07,Carrier B,South,3,2,1
824,2025-10,Carrier C,West,3,3,1
825,2025-06,Carrier B,West,3,1,1
826,2025-10,Carrier B,West,3,2,1
827,2025-11,Carrier A,East,3,4,1
828,2025-11,Carrier C,East,3,3,1
829,2025-07,Carrier C,West,3,6,1
830,2025-07,Carrier A,West,3,1,1
831,2025-12,Carrier B,West,3,2,1
832,2025-08,Carrier B,East,3,4,1
833,2025-08,Carrier C,West,3,4,1
834,2025-04,Carrier C,West,3,2,1
835,2025-04,Carrier B,West,3,3,1
836,2025-05,Carrier A,North,3,2,1
837,2025-02,Carrier C,South,3,2,1
838,2025-08,Carrier B,South,3,2,1
839,2025-08,Carrier C,South,3,2,1
840,2025-09,Carrier A,East,3,3,1
841,2025-06,Carrier A,South,3,2,1
842,2025-03,Carrier A,North,3,2,1
843,2025-05,Carrier C,West,3,5,1
844,2025-06,Carrier C,East,3,2,1
845,2025-08,Carrier A,North,3,2,1
846,2025-03,Carrier C,North,3,3,1
847,2025-12,Carrier A,West,3,2,1
848,2025-06,Carrier C,West,3,2,1
849,2025-01,Carrier C,East,3,4,1
850,2025-04,Carrier B,West,3,2,0
851,2025-12,Carrier C,East,3,2,1
852,2025-03,Carrier A,South,3,3,1
853,2025-06,Carrier A,West,3,3,1
854,2025-10,Carrier C,North,3,6,1
855,2025-09,Carrier C,North,3,4,1
856,2025-06,Carrier A,West,3,4,1
857,2025-12,Carrier B,North,3,2,1
858,2025-07,Carrier C,North,3,3,1
859,2025-06,Carrier C,West,3,4,1
860,2025-08,Carrier C,South,3,6,1
861,2025-01,Carrier A,West,3,2,1
862,2025-07,Carrier B,North,3,4,1
863,2025-05,Carrier A,South,3,4,1
864,2025-03,Carrier A,North,3,2,1
865,2025-03,Carrier B,West,3,3,1
866,2025-07,Carrier B,East,3,2,1
867,2025-04,Carrier C,East,3,4,0
868,2025-06,Carrier A,North,3,3,1
869,2025-01,Carrier B,North,3,1,1
870,2025-10,Carrier C,North,3,4,1
871,2025-11,Carrier A,West,3,4,1
872,2025-09,Carrier B,East,3,4,1
873,2025-02,Carrier A,East,3,3,1
874,2025-07,Carrier C,South,3,2,1
875,2025-05,Carrier A,East,3,4,1
876,2025-12,Carrier A,East,3,4,1
877,2025-12,Carrier A,East,3,3,1
878,2025-05,Carrier A,South,3,1,1
879,2025-05,Carrier C,North,3,3,1
880,2025-09,Carrier A,West,3,2,1
881,2025-12,Carrier A,North,3,3,1
882,2025-05,Carrier A,West,3,3,1
883,2025-11,Carrier C,South,3,5,1
884,2025-07,Carrier B,West,3,2,1
885,2025-03,Carrier C,South,3,6,1
886,2025-10,Carrier B,South,3,2,1
887,2025-12,Carrier A,West,3,2,1
888,2025-07,Carrier C,South,3,2,1
889,2025-11,Carrier C,West,3,5,1
890,2025-07,Carrier C,West,3,6,1
891,2025-04,Carrier B,East,3,2,1
892,2025-11,Carrier C,North,3,5,1
893,2025-07,Carrier A,North,3,2,1
894,2025-09,Carrier A,West,3,2,1
895,2025-08,Carrier B,South,3,2,0
896,2025-01,Carrier A,West,3,4,1
897,2025-06,Carrier A,West,3,2,1
898,2025-05,Carrier C,South,3,2,1
899,2025-05,Carrier B,West,3,2,0
900,2025-04,Carrier C,North,3,3,1
901,2025-02,Carrier A,South,3,3,1
902,2025-10,Carrier A,West,3,1,1
903,2025-07,Carrier A,East,3,4,1
904,2025-10,Carrier A,West,3,1,1
905,2025-06,Carrier A,North,3,4,1
906,2025-04,Carrier A,North,3,4,1
907,2025-04,Carrier B,South,3,2,1
908,2025-06,Carrier C,North,3,3,1
909,2025-10,Carrier A,East,3,3,1
910,2025-11,Carrier A,East,3,1,1
911,2025-02,Carrier B,North,3,1,1
912,2025-09,Carrier C,South,3,2,1
913,2025-11,Carrier C,West,3,4,1
914,2025-11,Carrier A,East,3,1,1
915,2025-01,Carrier B,East,3,3,1
916,2025-07,Carrier B,South,3,4,1
917,2025-04,Carrier C,East,3,4,1
918,2025-09,Carrier A,West,3,2,1
919,2025-06,Carrier B,West,3,2,1
920,2025-12,Carrier C,North,3,3,1
921,2025-12,Carrier B,West,3,2,1
922,2025-04,Carrier C,North,3,3,1
923,2025-10,Carrier A,South,3,2,1
924,2025-10,Carrier C,East,3,3,1
925,2025-08,Carrier A,West,3,1,1
926,2025-08,Carrier A,South,3,2,1
927,2025-06,Carrier B,North,3,3,1
928,2025-09,Carrier B,South,3,3,1
929,2025-01,Carrier C,West,3,2,1
930,2025-08,Carrier B,North,3,2,1
931,2025-06,Carrier B,North,3,4,1
932,2025-08,Carrier C,South,3,4,1
933,2025-12,Carrier C,South,3,6,1
934,2025-07,Carrier B,West,3,1,1
935,2025-03,Carrier B,East,3,2,1
936,2025-09,Carrier B,South,3,2,1
937,2025-12,Carrier B,South,3,2,1
938,2025-12,Carrier A,North,3,4,1
939,2025-11,Carrier C,North,3,3,1
940,2025-12,Carrier A,West,3,2,1
941,2025-03,Carrier A,North,3,3,1
942,2025-06,Carrier B,North,3,2,1
943,2025-11,Carrier B,North,3,2,1
944,2025-12,Carrier C,South,3,2,1
945,2025-09,Carrier C,North,3,3,1
946,2025-10,Carrier B,West,3,3,1
947,2025-08,Carrier C,West,3,3,1
948,2025-01,Carrier C,East,3,6,1
949,2025-05,Carrier B,South,3,2,1
950,2025-04,Carrier B,East,3,3,1
951,2025-06,Carrier A,West,3,2,1
952,2025-11,Carrier B,West,3,2,1
953,2025-02,Carrier B,East,3,3,1
954,2025-01,Carrier B,North,3,1,1
955,2025-05,Carrier B,West,3,2,1
956,2025-07,Carrier B,North,3,3,1
957,2025-04,Carrier A,North,3,2,1
958,2025-03,Carrier B,West,3,2,1
959,2025-05,Carrier C,South,3,6,1
960,2025-02,Carrier C,South,3,4,1
961,2025-12,Carrier C,North,3,2,1
962,2025-06,Carrier B,East,3,2,1
963,2025-05,Carrier A,East,3,2,1
964,2025-08,Carrier B,South,3,3,1
965,2025-06,Carrier A,East,3,3,1
966,2025-11,Carrier A,North,3,3,1
967,2025-10,Carrier A,North,3,1,1
968,2025-12,Carrier C,East,3,6,1
969,2025-04,Carrier B,West,3,3,1
970,2025-12,Carrier C,East,3,6,1
971,2025-12,Carrier B,South,3,3,1
972,2025-06,Carrier C,East,3,4,1
973,2025-05,Carrier B,South,3,3,1
974,2025-01,Carrier C,North,3,5,1
975,2025-05,Carrier A,East,3,3,1
976,2025-02,Carrier C,North,3,3,1
977,2025-02,Carrier A,West,3,4,1
978,2025-02,Carrier A,West,3,1,1
979,2025-11,Carrier C,East,3,2,1
980,2025-11,Carrier C,North,3,5,1
981,2025-01,Carrier B,North,3,1,1
982,2025-06,Carrier B,West,3,2,1
983,2025-10,Carrier C,West,3,6,1
984,2025-04,Carrier A,East,3,3,1
985,2025-07,Carrier A,North,3,3,1
986,2025-07,Carrier C,North,3,3,1
987,2025-03,Carrier A,South,3,3,1
988,2025-06,Carrier B,North,3,2,0
989,2025-03,Carrier C,East,3,2,1
990,2025-11,Carrier C,North,3,2,1
991,2025-05,Carrier B,West,3,2,1
992,2025-01,Carrier B,East,3,3,1
993,2025-05,Carrier B,South,3,2,1
994,2025-05,Carrier C,East,3,3,1
995,2025-03,Carrier C,West,3,2,1
996,2025-12,Carrier A,West,3,3,1
997,2025-08,Carrier C,South,3,5,1
998,2025-07,Carrier A,East,3,2,1
999,2025-02,Carrier B,North,3,3,0
1000,2025-08,Carrier B,South,3,2,1
1001,2025-08,Carrier B,South,3,2,1
1002,2025-08,Carrier B,East,3,2,1
1003,2025-04,Carrier B,North,3,2,1
1004,2025-07,Carrier C,West,3,6,1
1005,2025-03,Carrier A,North,3,3,1
1006,2025-05,Carrier B,East,3,2,0
1007,2025-11,Carrier B,West,3,3,1
1008,2025-11,Carrier A,North,3,3,1
1009,2025-01,Carrier B,North,3,3,1
1010,2025-12,Carrier A,South,3,2,1
1011,2025-12,Carrier B,West,3,4,1
1012,2025-01,Carrier A,North,3,2,1
1013,2025-02,Carrier A,North,3,2,1
1014,2025-09,Carrier B,East,3,2,1
1015,2025-04,Carrier C,North,3,4,1
1016,2025-08,Carrier B,West,3,4,1
1017,2025-11,Carrier A,West,3,3,1
1018,2025-07,Carrier B,West,3,3,1
1019,2025-07,Carrier B,South,3,3,1
1020,2025-07,Carrier A,South,3,3,1
1021,2025-02,Carrier B,West,3,2,1
1022,2025-07,Carrier A,East,3,1,1
1023,2025-11,Carrier A,East,3,1,1
1024,2025-03,Carrier C,South,3,6,1
1025,2025-05,Carrier C,East,3,6,1
1026,2025-01,Carrier A,South,3,3,1
1027,2025-02,Carrier B,East,3,3,1
1028,2025-01,Carrier C,East,3,4,1
1029,2025-03,Carrier A,East,3,1,1
1030,2025-07,Carrier C,South,3,5,1
1031,2025-04,Carrier B,South,3,2,1
1032,2025-07,Carrier C,West,3,4,1
1033,2025-12,Carrier B,North,3,4,1
1034,2025-07,Carrier C,West,3,6,1
1035,2025-04,Carrier B,North,3,3,1
1036,2025-07,Carrier C,North,3,5,1
1037,2025-02,Carrier C,West,3,2,1
1038,2025-11,Carrier A,South,3,2,1
1039,2025-07,Carrier A,North,3,1,1
1040,2025-11,Carrier C,East,3,2,1
1041,2025-08,Carrier A,West,3,2,1
1042,2025-09,Carrier C,South,3,3,1
1043,2025-05,Carrier A,East,3,2,1
1044,2025-06,Carrier B,South,3,3,1
1045,2025-10,Carrier B,South,3,3,0
1046,2025-06,Carrier B,East,3,2,1
1047,2025-04,Carrier B,East,3,3,1
1048,2025-01,Carrier A,North,3,4,1
1049,2025-05,Carrier A,North,3,4,1
1050,2025-02,Carrier A,South,3,4,1
1051,2025-10,Carrier B,South,3,2,1
1052,2025-07,Carrier C,West,3,6,1
1053,2025-10,Carrier C,South,3,2,1
1054,2025-11,Carrier B,East,3,4,1
1055,2025-07,Carrier A,West,3,3,1
1056,2025-03,Carrier B,West,3,2,1
1057,2025-10,Carrier B,East,3,1,1
1058,2025-08,Carrier C,East,3,5,1
1059,2025-10,Carrier B,North,3,1,1
1060,2025-04,Carrier A,South,3,4,1
1061,2025-06,Carrier B,East,3,3,1
1062,2025-06,Carrier C,South,3,2,0
1063,2025-04,Carrier B,East,3,3,1
1064,2025-02,Carrier A,West,3,2,1
1065,2025-10,Carrier A,East,3,1,1
1066,2025-05,Carrier B,South,3,2,1
1067,2025-02,Carrier A,North,3,3,1
1068,2025-08,Carrier C,North,3,3,1
1069,2025-07,Carrier B,West,3,3,1
1070,2025-08,Carrier A,West,3,2,0
1071,2025-06,Carrier C,North,3,6,1
1072,2025-02,Carrier B,South,3,1,1
1073,2025-03,Carrier C,West,3,3,1
1074,2025-02,Carrier C,West,3,6,1
1075,2025-09,Carrier A,South,3,2,1
1076,2025-08,Carrier C,South,3,3,1
1077,2025-05,Carrier C,West,3,5,1
1078,2025-07,Carrier C,South,3,3,1
1079,2025-09,Carrier A,West,3,1,1
1080,2025-02,Carrier C,South,3,6,1
1081,2025-11,Carrier B,East,3,2,1
1082,2025-06,Carrier C,East,3,3,1
1083,2025-08,Carrier C,East,3,6,1
1084,2025-05,Carrier A,North,3,1,1
1085,2025-01,Carrier A,North,3,3,1
1086,2025-10,Carrier A,West,3,2,1
1087,2025-10,Carrier C,South,3,4,1
1088,2025-03,Carrier C,East,3,3,1
1089,2025-11,Carrier A,North,3,3,1
1090,2025-08,Carrier A,South,3,4,1
1091,2025-09,Carrier B,South,3,4,1
1092,2025-01,Carrier A,North,3,2,0
1093,2025-04,Carrier C,South,3,3,1
1094,2025-07,Carrier C,South,3,3,1
1095,2025-11,Carrier B,West,3,1,1
1096,2025-01,Carrier A,North,3,2,1
1097,2025-12,Carrier B,East,3,2,1
1098,2025-11,Carrier C,West,3,6,1
1099,2025-12,Carrier C,West,3,4,1
1100,2025-05,Carrier A,North,3,3,1
1101,2025-01,Carrier B,North,3,2,1
1102,2025-03,Carrier B,South,3,2,1
1103,2025-05,Carrier C,North,3,3,1
1104,2025-03,Carrier C,East,3,3,1
1105,2025-03,Carrier A,South,3,4,1
1106,2025-04,Carrier C,North,3,6,1
1107,2025-12,Carrier B,North,3,3,1
1108,2025-05,Carrier A,South,3,3,1
1109,2025-10,Carrier A,North,3,2,1
1110,2025-06,Carrier B,North,3,1,1
1111,2025-04,Carrier A,East,3,4,1
1112,2025-07,Carrier B,East,3,3,1
1113,2025-11,Carrier B,West,3,3,1
1114,2025-02,Carrier C,West,3,5,1
1115,2025-05,Carrier B,West,3,3,1
1116,2025-10,Carrier A,West,3,3,1
1117,2025-12,Carrier B,South,3,3,1
1118,2025-02,Carrier C,North,3,5,1
1119,2025-07,Carrier C,West,3,2,1
1120,2025-12,Carrier A,North,3,2,1
1121,2025-12,Carrier A,South,3,2,1
1122,2025-01,Carrier B,North,3,2,1
1123,2025-02,Carrier A,South,3,4,1
1124,2025-03,Carrier A,South,3,2,0
1125,2025-01,Carrier A,West,3,2,1
1126,2025-08,Carrier C,North,3,2,1
1127,2025-09,Carrier C,East,3,3,1
1128,2025-06,Carrier A,East,3,3,1
1129,2025-06,Carrier C,West,3,3,1
1130,2025-06,Carrier B,East,3,1,1
1131,2025-08,Carrier A,North,3,2,1
1132,2025-09,Carrier B,West,3,2,1
1133,2025-05,Carrier A,West,3,3,1
1134,2025-05,Carrier C,East,3,2,1
1135,2025-08,Carrier B,East,3,1,1
1136,2025-11,Carrier B,North,3,1,1
1137,2025-01,Carrier C,West,3,5,1
1138,2025-09,Carrier A,South,3,2,0
1139,2025-01,Carrier A,South,3,4,1
1140,2025-08,Carrier C,South,3,2,0
1141,2025-03,Carrier A,East,3,3,1
1142,2025-01,Carrier C,South,3,5,1
1143,2025-08,Carrier C,East,3,4,1
1144,2025-03,Carrier C,North,3,4,0
1145,2025-05,Carrier B,West,3,2,1
1146,2025-11,Carrier C,South,3,3,1
1147,2025-07,Carrier A,West,3,1,1
1148,2025-06,Carrier A,South,3,2,1
1149,2025-07,Carrier C,East,3,5,1
1150,2025-05,Carrier C,East,3,5,1
1151,2025-08,Carrier B,South,3,4,1
1152,2025-04,Carrier B,South,3,2,0
1153,2025-04,Carrier B,South,3,3,0
1154,2025-12,Carrier B,South,3,3,0
1155,2025-09,Carrier A,East,3,1,1
1156,2025-02,Carrier C,West,3,4,1
1157,2025-08,Carrier A,North,3,4,1
1158,2025-09,Carrier A,North,3,2,1
1159,2025-03,Carrier B,West,3,2,1
1160,2025-10,Carrier B,East,3,2,1
1161,2025-01,Carrier A,West,3,2,1
1162,2025-04,Carrier A,East,3,4,1
1163,2025-10,Carrier C,South,3,6,1
1164,2025-08,Carrier A,West,3,1,1
1165,2025-08,Carrier C,West,3,3,1
1166,2025-10,Carrier C,South,3,2,1
1167,2025-11,Carrier A,South,3,2,1
1168,2025-04,Carrier C,East,3,3,1
1169,2025-11,Carrier C,North,3,6,1
1170,2025-02,Carrier B,East,3,2,1
1171,2025-06,Carrier B,South,3,2,1
1172,2025-03,Carrier B,North,3,4,1
1173,2025-01,Carrier A,East,3,4,1
1174,2025-10,Carrier B,South,3,2,0
1175,2025-11,Carrier A,West,3,3,1
1176,2025-09,Carrier A,South,3,3,1
1177,2025-01,Carrier A,North,3,4,1
1178,2025-10,Carrier A,East,3,1,0
1179,2025-02,Carrier A,West,3,2,1
1180,2025-04,Carrier B,West,3,4,1
1181,2025-09,Carrier C,North,3,5,1
1182,2025-11,Carrier B,East,3,2,1
1183,2025-07,Carrier A,West,3,1,1
1184,2025-03,Carrier B,East,3,2,1
1185,2025-09,Carrier A,South,3,4,1
1186,2025-05,Carrier A,East,3,3,1
1187,2025-10,Carrier B,East,3,2,1
1188,2025-11,Carrier B,North,3,1,1
1189,2025-01,Carrier C,North,3,2,1
1190,2025-10,Carrier B,West,3,2,1
1191,2025-08,Carrier A,North,3,2,1
1192,2025-06,Carrier B,West,3,2,1
1193,2025-04,Carrier C,North,3,6,1
1194,2025-09,Carrier A,North,3,2,1
1195,2025-03,Carrier B,South,3,3,1
1196,2025-04,Carrier A,East,3,4,1
1197,2025-08,Carrier A,South,3,4,1
1198,2025-01,Carrier C,East,3,4,1
1199,2025-03,Carrier B,East,3,4,1
1200,2025-07,Carrier C,West,3,6,1
1201,2025-07,Carrier A,East,3,3,1
1202,2025-08,Carrier B,North,3,3,1
1203,2025-11,Carrier A,South,3,2,1
1204,2025-08,Carrier C,South,3,6,1
1205,2025-03,Carrier A,South,3,1,1
1206,2025-10,Carrier B,West,3,3,1
1207,2025-02,Carrier B,West,3,1,1
1208,2025-02,Carrier C,West,3,5,1
1209,2025-07,Carrier C,West,3,2,1
1210,2025-10,Carrier C,East,3,6,1
1211,2025-01,Carrier B,East,3,4,1
1212,2025-11,Carrier B,East,3,2,1
1213,2025-09,Carrier C,East,3,2,1
1214,2025-01,Carrier A,North,3,4,1
1215,2025-10,Carrier B,West,3,3,1
1216,2025-09,Carrier A,East,3,3,1
1217,2025-07,Carrier B,East,3,3,1
1218,2025-01,Carrier C,North,3,6,1
1219,2025-03,Carrier C,West,3,5,1
1220,2025-05,Carrier A,South,3,2,1
1221,2025-11,Carrier A,South,3,2,1
1222,2025-07,Carrier C,West,3,6,1
1223,2025-12,Carrier A,East,3,4,1
1224,2025-09,Carrier A,North,3,3,1
1225,2025-04,Carrier C,South,3,4,1
1226,2025-05,Carrier C,South,3,2,1
1227,2025-01,Carrier B,South,3,2,1
1228,2025-03,Carrier C,West,3,4,1
1229,2025-05,Carrier C,North,3,4,1
1230,2025-02,Carrier B,North,3,3,0
1231,2025-09,Carrier A,North,3,2,1
1232,2025-07,Carrier A,East,3,4,1
1233,2025-05,Carrier A,South,3,4,1
1234,2025-02,Carrier A,South,3,2,1
1235,2025-04,Carrier C,South,3,6,1
1236,2025-04,Carrier C,South,3,3,0
1237,2025-03,Carrier B,South,3,1,1
1238,2025-07,Carrier C,West,3,3,1
1239,2025-07,Carrier C,South,3,3,1
1240,2025-10,Carrier A,West,3,4,1
1241,2025-01,Carrier C,North,3,3,1
1242,2025-07,Carrier B,South,3,2,1
1243,2025-07,Carrier B,West,3,2,1
1244,2025-09,Carrier A,West,3,2,1
1245,2025-09,Carrier C,South,3,5,1
1246,2025-08,Carrier B,East,3,2,1
1247,2025-08,Carrier A,East,3,2,1
1248,2025-04,Carrier C,North,3,3,1
1249,2025-01,Carrier A,North,3,1,1
1250,2025-04,Carrier A,North,3,4,1
1251,2025-08,Carrier C,East,3,6,1
1252,2025-11,Carrier A,South,3,2,1
1253,2025-03,Carrier C,East,3,2,1
1254,2025-05,Carrier B,North,3,2,1
1255,2025-11,Carrier C,East,3,4,1
1256,2025-06,Carrier B,North,3,3,1
1257,2025-10,Carrier C,South,3,4,1
1258,2025-06,Carrier A,East,3,3,1
1259,2025-10,Carrier B,West,3,2,1
1260,2025-10,Carrier A,South,3,3,1
1261,2025-08,Carrier C,West,3,3,1
1262,2025-09,Carrier A,South,3,2,1
1263,2025-03,Carrier C,East,3,2,1
1264,2025-10,Carrier B,East,3,3,1
1265,2025-05,Carrier C,West,3,5,1
1266,2025-03,Carrier A,West,3,3,1
1267,2025-08,Carrier B,West,3,3,1
1268,2025-02,Carrier A,North,3,2,1
1269,2025-08,Carrier B,West,3,1,1
1270,2025-02,Carrier A,North,3,4,1
1271,2025-01,Carrier C,North,3,5,1
1272,2025-11,Carrier B,West,3,3,1
1273,2025-07,Carrier C,South,3,4,1
1274,2025-06,Carrier C,East,3,3,1
1275,2025-05,Carrier A,East,3,2,1
1276,2025-06,Carrier A,South,3,1,1
1277,2025-10,Carrier A,West,3,2,1
1278,2025-03,Carrier A,East,3,2,1
1279,2025-12,Carrier A,South,3,3,1
1280,2025-11,Carrier C,East,3,3,1
1281,2025-06,Carrier B,South,3,2,1
1282,2025-03,Carrier A,East,3,4,1
1283,2025-01,Carrier B,East,3,3,1
1284,2025-10,Carrier A,West,3,2,1
1285,2025-05,Carrier A,East,3,4,1
1286,2025-04,Carrier C,South,3,3,1
1287,2025-04,Carrier C,West,3,6,1
1288,2025-01,Carrier B,North,3,4,1
1289,2025-03,Carrier B,South,3,2,1
1290,2025-11,Carrier C,East,3,5,1
1291,2025-05,Carrier B,East,3,2,1
1292,2025-12,Carrier C,South,3,3,1
1293,2025-02,Carrier B,West,3,3,1
1294,2025-02,Carrier B,West,3,3,1
1295,2025-09,Carrier C,South,3,2,1
1296,2025-07,Carrier A,East,3,3,1
1297,2025-08,Carrier B,West,3,1,1
1298,2025-02,Carrier B,North,3,3,1
1299,2025-03,Carrier C,North,3,5,1
1300,2025-07,Carrier B,South,3,3,1
1301,2025-04,Carrier B,South,3,1,1
1302,2025-03,Carrier A,East,3,4,1
1303,2025-11,Carrier C,West,3,2,1
1304,2025-01,Carrier C,South,3,2,1
1305,2025-11,Carrier B,West,3,2,1
1306,2025-09,Carrier C,West,3,3,1
1307,2025-09,Carrier B,West,3,3,1
1308,2025-08,Carrier B,North,3,3,1
1309,2025-10,Carrier B,North,3,3,1
1310,2025-06,Carrier B,North,3,2,1
1311,2025-02,Carrier C,West,3,3,0
1312,2025-03,Carrier B,West,3,4,1
1313,2025-03,Carrier C,South,3,6,1
1314,2025-09,Carrier B,West,3,3,1
1315,2025-02,Carrier C,East,3,4,1
1316,2025-03,Carrier C,North,3,3,1
1317,2025-02,Carrier C,South,3,6,1
1318,2025-10,Carrier C,South,3,2,1
1319,2025-10,Carrier A,South,3,3,1
1320,2025-09,Carrier A,West,3,1,0
1321,2025-02,Carrier C,South,3,4,1
1322,2025-07,Carrier C,North,3,5,1
1323,2025-06,Carrier C,North,3,3,1
1324,2025-05,Carrier A,East,3,3,1
1325,2025-04,Carrier A,North,3,2,1
1326,2025-06,Carrier A,East,3,3,1
1327,2025-07,Carrier B,East,3,4,1
1328,2025-06,Carrier A,South,3,3,1
1329,2025-10,Carrier B,West,3,3,1
1330,2025-05,Carrier B,East,3,3,1
1331,2025-09,Carrier C,West,3,3,1
1332,2025-05,Carrier A,North,3,1,1
1333,2025-04,Carrier A,West,3,2,1
1334,2025-08,Carrier A,North,3,2,1
1335,2025-11,Carrier B,West,3,3,1
1336,2025-11,Carrier A,East,3,2,1
1337,2025-07,Carrier B,South,3,2,1
1338,2025-11,Carrier A,South,3,3,1
1339,2025-02,Carrier C,North,3,4,1
1340,2025-08,Carrier A,South,3,3,1
1341,2025-04,Carrier A,North,3,3,1
1342,2025-11,Carrier B,West,3,3,1
1343,2025-05,Carrier A,North,3,3,1
1344,2025-02,Carrier A,South,3,3,0
1345,2025-03,Carrier B,West,3,1,1
1346,2025-12,Carrier A,South,3,3,1
1347,2025-12,Carrier C,West,3,3,1
1348,2025-01,Carrier C,North,3,6,1
1349,2025-09,Carrier A,North,3,3,1
1350,2025-11,Carrier C,South,3,6,1
1351,2025-08,Carrier C,North,3,5,0
1352,2025-11,Carrier A,North,3,1,1
1353,2025-04,Carrier A,South,3,3,1
1354,2025-02,Carrier A,South,3,3,1
1355,2025-05,Carrier C,West,3,2,1
1356,2025-01,Carrier C,South,3,5,1
1357,2025-08,Carrier B,South,3,1,1
1358,2025-08,Carrier A,South,3,3,1
1359,2025-11,Carrier C,West,3,5,1
1360,2025-11,Carrier B,North,3,3,1
1361,2025-04,Carrier A,East,3,1,1
1362,2025-01,Carrier C,East,3,5,0
1363,2025-07,Carrier C,North,3,2,1
1364,2025-03,Carrier C,East,3,2,1
1365,2025-04,Carrier B,West,3,2,1
1366,2025-03,Carrier B,North,3,2,1
1367,2025-07,Carrier B,South,3,3,1
1368,2025-08,Carrier A,North,3,3,1
1369,2025-11,Carrier B,West,3,4,1
1370,2025-01,Carrier C,West,3,4,1
1371,2025-10,Carrier B,West,3,4,1
1372,2025-01,Carrier A,West,3,1,1
1373,2025-10,Carrier A,South,3,2,1
1374,2025-11,Carrier A,East,3,2,1
1375,2025-08,Carrier B,South,3,2,1
1376,2025-02,Carrier C,East,3,4,1
1377,2025-04,Carrier B,East,3,2,1
1378,2025-12,Carrier B,North,3,3,1
1379,2025-04,Carrier B,West,3,3,1
1380,2025-08,Carrier B,East,3,2,1
1381,2025-03,Carrier C,East,3,5,1
1382,2025-11,Carrier B,North,3,3,1
1383,2025-05,Carrier B,North,3,2,1
1384,2025-10,Carrier A,East,3,4,1
1385,2025-01,Carrier B,West,3,3,1
1386,2025-10,Carrier A,North,3,3,1
1387,2025-11,Carrier B,North,3,3,1
1388,2025-10,Carrier C,South,3,5,1
1389,2025-07,Carrier C,South,3,3,0
1390,2025-01,Carrier A,West,3,3,1
1391,2025-04,Carrier B,East,3,4,1
1392,2025-01,Carrier B,East,3,2,0
1393,2025-12,Carrier A,West,3,4,1
1394,2025-05,Carrier A,South,3,3,1
1395,2025-12,Carrier C,West,3,6,1
1396,2025-11,Carrier B,East,3,2,1
1397,2025-10,Carrier B,South,3,2,1
1398,2025-05,Carrier B,South,3,2,1
1399,2025-02,Carrier B,West,3,1,1
1400,2025-10,Carrier B,West,3,4,1
1401,2025-09,Carrier A,West,3,4,1
1402,2025-06,Carrier A,North,3,3,1
1403,2025-11,Carrier C,South,3,3,0
1404,2025-01,Carrier B,West,3,3,1
1405,2025-07,Carrier C,North,3,2,1
1406,2025-12,Carrier B,North,3,3,1
1407,2025-05,Carrier C,North,3,5,1
1408,2025-09,Carrier C,North,3,6,1
1409,2025-01,Carrier C,South,3,3,1
1410,2025-02,Carrier A,West,3,3,1
1411,2025-12,Carrier B,East,3,1,1
1412,2025-12,Carrier C,South,3,3,1
1413,2025-06,Carrier A,East,3,2,1
1414,2025-02,Carrier C,East,3,3,1
1415,2025-06,Carrier C,West,3,3,1
1416,2025-02,Carrier B,West,3,2,1
1417,2025-04,Carrier B,West,3,3,1
1418,2025-03,Carrier C,West,3,6,1
1419,2025-08,Carrier C,North,3,6,1
1420,2025-08,Carrier A,North,3,2,1
1421,2025-04,Carrier B,South,3,3,1
1422,2025-06,Carrier C,North,3,5,1
1423,2025-01,Carrier B,South,3,2,1
1424,2025-01,Carrier A,South,3,4,1
1425,2025-11,Carrier C,East,3,2,1
1426,2025-05,Carrier C,West,3,5,1
1427,2025-08,Carrier B,North,3,2,1
1428,2025-01,Carrier A,North,3,3,1
1429,2025-11,Carrier A,East,3,4,1
1430,2025-04,Carrier A,West,3,2,1
1431,2025-03,Carrier A,North,3,3,1
1432,2025-09,Carrier B,East,3,1,1
1433,2025-05,Carrier B,South,3,2,1
1434,2025-09,Carrier C,South,3,6,1
1435,2025-12,Carrier A,East,3,2,1
1436,2025-09,Carrier C,West,3,3,1
1437,2025-10,Carrier C,East,3,2,1
1438,2025-09,Carrier C,East,3,3,1
1439,2025-01,Carrier A,East,3,3,1
1440,2025-12,Carrier C,West,3,3,1
1441,2025-05,Carrier B,West,3,3,1
1442,2025-08,Carrier B,South,3,3,1
1443,2025-02,Carrier A,West,3,2,1
1444,2025-10,Carrier B,South,3,1,1
1445,2025-06,Carrier A,North,3,2,1
1446,2025-07,Carrier A,South,3,2,1
1447,2025-08,Carrier C,South,3,6,1
1448,2025-04,Carrier A,North,3,3,1
1449,2025-09,Carrier A,South,3,2,1
1450,2025-11,Carrier B,South,3,3,1
1451,2025-09,Carrier A,West,3,2,1
1452,2025-06,Carrier C,East,3,6,1
1453,2025-08,Carrier A,South,3,1,1
1454,2025-11,Carrier B,South,3,2,1
1455,2025-11,Carrier B,North,3,3,1
1456,2025-03,Carrier C,West,3,5,1
1457,2025-09,Carrier C,East,3,5,1
1458,2025-08,Carrier C,North,3,2,1
1459,2025-03,Carrier C,East,3,4,1
1460,2025-04,Carrier C,West,3,2,1
1461,2025-09,Carrier A,East,3,2,1
1462,2025-04,Carrier A,West,3,3,1
1463,2025-03,Carrier B,North,3,3,1
1464,2025-11,Carrier A,West,3,3,1
1465,2025-06,Carrier C,North,3,6,1
1466,2025-07,Carrier B,West,3,3,1
1467,2025-10,Carrier C,North,3,2,1
1468,2025-12,Carrier A,North,3,4,1
1469,2025-05,Carrier A,South,3,2,1
1470,2025-09,Carrier C,West,3,3,1
1471,2025-04,Carrier C,East,3,5,1
1472,2025-11,Carrier A,North,3,1,1
1473,2025-07,Carrier C,South,3,5,1
1474,2025-01,Carrier A,South,3,2,1
1475,2025-02,Carrier A,West,3,2,1
1476,2025-10,Carrier C,South,3,3,1
1477,2025-09,Carrier B,North,3,3,1
1478,2025-03,Carrier C,North,3,2,1
1479,2025-10,Carrier B,West,3,1,1
1480,2025-03,Carrier A,North,3,4,1
1481,2025-09,Carrier A,East,3,3,1
1482,2025-03,Carrier B,North,3,3,1
1483,2025-10,Carrier A,North,3,2,1
1484,2025-12,Carrier B,North,3,3,1
1485,2025-10,Carrier B,East,3,1,1
1486,2025-04,Carrier C,South,3,2,1
1487,2025-01,Carrier A,South,3,2,0
1488,2025-02,Carrier C,South,3,2,1
1489,2025-05,Carrier C,North,3,6,1
1490,2025-02,Carrier B,East,3,2,1
1491,2025-01,Carrier B,East,3,3,1
1492,2025-04,Carrier C,North,3,5,1
1493,2025-09,Carrier C,East,3,6,1
1494,2025-09,Carrier C,South,3,3,1
1495,2025-06,Carrier B,North,3,3,1
1496,2025-10,Carrier A,South,3,3,1
1497,2025-02,Carrier A,West,3,1,1
1498,2025-11,Carrier A,North,3,2,1
1499,2025-02,Carrier A,North,3,2,1
1500,2025-12,Carrier B,West,3,3,1
1501,2025-11,Carrier C,North,3,3,1
1502,2025-01,Carrier B,South,3,2,1
1503,2025-03,Carrier B,West,3,3,1
1504,2025-12,Carrier B,East,3,1,1
1505,2025-05,Carrier B,East,3,4,1
1506,2025-03,Carrier B,East,3,3,1
1507,2025-03,Carrier B,South,3,1,1
1508,2025-03,Carrier C,South,3,6,1
1509,2025-11,Carrier C,East,3,5,1
1510,2025-09,Carrier B,South,3,3,1
1511,2025-05,Carrier B,North,3,3,1
1512,2025-03,Carrier A,South,3,2,1
1513,2025-03,Carrier B,South,3,3,1
1514,2025-04,Carrier C,South,3,3,1
1515,2025-06,Carrier B,East,3,3,1
1516,2025-11,Carrier A,West,3,2,1
1517,2025-04,Carrier B,East,3,2,1
1518,2025-08,Carrier C,South,3,2,1
1519,2025-01,Carrier C,West,3,2,1
1520,2025-06,Carrier A,South,3,3,1
1521,2025-07,Carrier A,West,3,2,1
1522,2025-07,Carrier B,East,3,3,1
1523,2025-10,Carrier B,East,3,2,1
1524,2025-10,Carrier A,North,3,1,1
1525,2025-01,Carrier C,West,3,3,1
1526,2025-08,Carrier C,South,3,4,1
1527,2025-09,Carrier B,South,3,3,1
1528,2025-06,Carrier B,West,3,2,1
1529,2025-03,Carrier B,South,3,3,1
1530,2025-04,Carrier A,West,3,3,1
1531,2025-06,Carrier B,West,3,3,1
1532,2025-10,Carrier B,East,3,4,1
1533,2025-08,Carrier A,West,3,3,0
1534,2025-12,Carrier C,North,3,3,1
1535,2025-11,Carrier B,East,3,2,1
1536,2025-07,Carrier B,East,3,3,1
1537,2025-08,Carrier B,South,3,1,1
1538,2025-06,Carrier C,East,3,6,1
1539,2025-07,Carrier C,West,3,3,1
1540,2025-03,Carrier A,North,3,2,1
1541,2025-10,Carrier A,West,3,2,1
1542,2025-12,Carrier A,East,3,3,1
1543,2025-12,Carrier A,West,3,3,1
1544,2025-09,Carrier A,South,3,4,1
1545,2025-09,Carrier B,South,3,3,1
1546,2025-03,Carrier C,East,3,6,1
1547,2025-04,Carrier B,East,3,2,1
1548,2025-01,Carrier C,North,3,2,1
1549,2025-08,Carrier C,South,3,5,1
1550,2025-05,Carrier C,North,3,2,1
1551,2025-12,Carrier A,North,3,1,1
1552,2025-07,Carrier C,South,3,3,1
1553,2025-10,Carrier B,South,3,4,1
1554,2025-10,Carrier A,North,3,3,1
1555,2025-10,Carrier C,South,3,6,1
1556,2025-11,Carrier A,North,3,2,1
1557,2025-11,Carrier A,West,3,3,1
1558,2025-08,Carrier A,East,3,3,1
1559,2025-12,Carrier A,North,3,3,1
1560,2025-09,Carrier C,South,3,3,1
1561,2025-06,Carrier A,South,3,3,1
1562,2025-08,Carrier A,South,3,1,1
1563,2025-01,Carrier C,West,3,5,1
1564,2025-04,Carrier C,North,3,4,1
1565,2025-06,Carrier A,North,3,1,1
1566,2025-05,Carrier B,East,3,2,1
1567,2025-02,Carrier C,West,3,6,1
1568,2025-06,Carrier B,East,3,4,1
1569,2025-01,Carrier C,South,3,6,1
1570,2025-08,Carrier A,East,3,1,1
1571,2025-10,Carrier B,North,3,3,1
1572,2025-03,Carrier B,East,3,1,1
1573,2025-07,Carrier A,East,3,4,1
1574,2025-03,Carrier B,East,3,1,1
1575,2025-02,Carrier C,West,3,4,1
1576,2025-02,Carrier B,South,3,2,1
1577,2025-06,Carrier A,West,3,2,1
1578,2025-07,Carrier C,West,3,4,1
1579,2025-03,Carrier B,South,3,3,1
1580,2025-08,Carrier A,South,3,3,1
1581,2025-06,Carrier B,North,3,3,1
1582,2025-03,Carrier C,South,3,3,1
1583,2025-05,Carrier A,South,3,2,1
1584,2025-01,Carrier A,North,3,3,1
1585,2025-01,Carrier C,South,3,4,0
1586,2025-05,Carrier C,South,3,3,1
1587,2025-01,Carrier B,West,3,1,1
1588,2025-12,Carrier B,North,3,4,1
1589,2025-03,Carrier C,South,3,6,1
1590,2025-10,Carrier C,East,3,3,1
1591,2025-03,Carrier B,West,3,3,1
1592,2025-04,Carrier C,East,3,4,1
1593,2025-11,Carrier A,West,3,4,1
1594,2025-12,Carrier A,North,3,3,1
1595,2025-06,Carrier A,South,3,2,1
1596,2025-01,Carrier B,South,3,3,1
1597,2025-08,Carrier A,East,3,1,1
1598,2025-08,Carrier B,North,3,3,1
1599,2025-04,Carrier A,West,3,2,1
1600,2025-02,Carrier A,South,3,3,1
1601,2025-08,Carrier A,East,3,1,1
1602,2025-08,Carrier A,North,3,2,1
1603,2025-10,Carrier B,South,3,2,1
1604,2025-02,Carrier A,West,3,3,1
1605,2025-01,Carrier B,North,3,3,1
1606,2025-11,Carrier A,West,3,1,1
1607,2025-09,Carrier B,East,3,2,1
1608,2025-01,Carrier C,East,3,3,1
1609,2025-12,Carrier A,East,3,3,1
1610,2025-03,Carrier C,North,3,4,1
1611,2025-06,Carrier C,North,3,3,1
1612,2025-10,Carrier B,North,3,2,1
1613,2025-07,Carrier B,West,3,3,0
1614,2025-05,Carrier C,East,3,5,1
1615,2025-11,Carrier C,South,3,3,1
1616,2025-07,Carrier A,East,3,3,1
1617,2025-10,Carrier B,South,3,3,0
1618,2025-07,Carrier B,West,3,1,1
1619,2025-01,Carrier C,West,3,2,1
1620,2025-07,Carrier A,South,3,3,1
1621,2025-12,Carrier B,South,3,1,0
1622,2025-10,Carrier A,South,3,2,1
1623,2025-12,Carrier C,North,3,3,1
1624,2025-09,Carrier B,North,3,3,1
1625,2025-01,Carrier B,East,3,2,1
1626,2025-02,Carrier C,East,3,6,1
1627,2025-05,Carrier A,South,3,3,1
1628,2025-06,Carrier A,West,3,1,1
1629,2025-06,Carrier B,East,3,2,1
1630,2025-09,Carrier C,North,3,5,1
1631,2025-09,Carrier A,South,3,3,1
1632,2025-05,Carrier B,East,3,3,1
1633,2025-10,Carrier A,South,3,3,1
1634,2025-10,Carrier A,South,3,3,1
1635,2025-11,Carrier B,South,3,4,1
1636,2025-07,Carrier C,North,3,3,1
1637,2025-12,Carrier A,East,3,2,1
1638,2025-07,Carrier B,North,3,1,1
1639,2025-01,Carrier B,North,3,3,1
1640,2025-09,Carrier A,North,3,1,1
1641,2025-08,Carrier A,East,3,2,1
1642,2025-07,Carrier B,East,3,2,1
1643,2025-07,Carrier C,South,3,3,1
1644,2025-08,Carrier B,South,3,3,1
1645,2025-04,Carrier A,West,3,2,1
1646,2025-12,Carrier A,East,3,1,1
1647,2025-11,Carrier A,West,3,1,1
1648,2025-10,Carrier B,North,3,2,1
1649,2025-02,Carrier C,West,3,6,1
1650,2025-09,Carrier A,East,3,2,1
1651,2025-04,Carrier A,West,3,4,1
1652,2025-03,Carrier C,East,3,3,1
1653,2025-06,Carrier B,North,3,3,1
1654,2025-02,Carrier B,East,3,3,1
1655,2025-05,Carrier A,East,3,4,1
1656,2025-05,Carrier A,West,3,4,1
1657,2025-08,Carrier A,East,3,2,1
1658,2025-08,Carrier C,South,3,2,1
1659,2025-08,Carrier C,North,3,6,1
1660,2025-06,Carrier B,North,3,4,1
1661,2025-03,Carrier C,South,3,4,1
1662,2025-12,Carrier B,West,3,2,1
1663,2025-02,Carrier B,South,3,2,1
1664,2025-08,Carrier B,East,3,2,1
1665,2025-03,Carrier B,South,3,3,1
1666,2025-04,Carrier C,North,3,3,1
1667,2025-01,Carrier B,West,3,3,1
1668,2025-08,Carrier A,South,3,3,1
1669,2025-12,Carrier C,East,3,5,1
1670,2025-03,Carrier C,East,3,2,1
1671,2025-09,Carrier B,North,3,2,1
1672,2025-08,Carrier C,East,3,2,1
1673,2025-11,Carrier A,East,3,3,1
1674,2025-10,Carrier B,East,3,2,1
1675,2025-04,Carrier A,South,3,2,1
1676,2025-12,Carrier A,South,3,3,1
1677,2025-04,Carrier A,North,3,4,1
1678,2025-07,Carrier B,East,3,2,1
1679,2025-12,Carrier C,West,3,5,1
1680,2025-02,Carrier A,West,3,4,1
1681,2025-01,Carrier C,East,3,6,1
1682,2025-08,Carrier B,West,3,3,1
1683,2025-08,Carrier A,East,3,3,1
1684,2025-12,Carrier C,West,3,2,1
1685,2025-09,Carrier B,North,3,3,1
1686,2025-10,Carrier C,East,3,3,1
1687,2025-02,Carrier B,North,3,2,1
1688,2025-07,Carrier B,North,3,4,1
1689,2025-02,Carrier A,North,3,3,1
1690,2025-05,Carrier A,South,3,1,1
1691,2025-06,Carrier C,West,3,4,1
1692,2025-12,Carrier A,West,3,2,1
1693,2025-03,Carrier B,North,3,1,1
1694,2025-03,Carrier A,East,3,2,1
1695,2025-11,Carrier C,East,3,6,1
1696,2025-09,Carrier A,South,3,4,1
1697,2025-07,Carrier A,East,3,1,1
1698,2025-02,Carrier A,North,3,3,1
1699,2025-09,Carrier B,East,3,4,1
1700,2025-05,Carrier B,South,3,3,0
1701,2025-03,Carrier A,North,3,2,0
1702,2025-08,Carrier B,North,3,3,1
1703,2025-05,Carrier B,West,3,4,1
1704,2025-09,Carrier A,East,3,2,1
1705,2025-10,Carrier C,East,3,2,1
1706,2025-08,Carrier A,South,3,2,1
1707,2025-10,Carrier A,East,3,3,1
1708,2025-09,Carrier C,North,3,3,1
1709,2025-08,Carrier C,West,3,5,1
1710,2025-08,Carrier A,East,3,4,1
1711,2025-12,Carrier B,South,3,2,1
1712,2025-02,Carrier A,South,3,3,1
1713,2025-02,Carrier A,West,3,1,1
1714,2025-12,Carrier C,West,3,3,1
1715,2025-04,Carrier C,West,3,6,1
1716,2025-05,Carrier B,East,3,2,1
1717,2025-03,Carrier C,East,3,3,1
1718,2025-07,Carrier C,South,3,6,1
1719,2025-11,Carrier C,North,3,4,1
1720,2025-01,Carrier C,West,3,4,1
1721,2025-07,Carrier C,East,3,3,1
1722,2025-11,Carrier B,East,3,1,1
1723,2025-09,Carrier B,North,3,2,1
1724,2025-03,Carrier A,West,3,3,1
1725,2025-11,Carrier A,North,3,1,1
1726,2025-04,Carrier A,East,3,3,1
1727,2025-09,Carrier B,East,3,2,1
1728,2025-02,Carrier A,West,3,3,1
1729,2025-11,Carrier A,North,3,4,1
1730,2025-09,Carrier B,South,3,3,1
1731,2025-07,Carrier B,West,3,2,1
1732,2025-12,Carrier B,South,3,2,1
1733,2025-10,Carrier A,South,3,3,1
1734,2025-02,Carrier A,South,3,2,1
1735,2025-03,Carrier B,North,3,3,1
1736,2025-11,Carrier B,South,3,2,0
1737,2025-06,Carrier A,West,3,2,1
1738,2025-06,Carrier C,North,3,3,1
1739,2025-05,Carrier C,South,3,2,1
1740,2025-03,Carrier C,North,3,3,1
1741,2025-06,Carrier B,South,3,2,1
1742,2025-03,Carrier A,East,3,2,1
1743,2025-04,Carrier A,West,3,3,1
1744,2025-01,Carrier C,West,3,2,1
1745,2025-05,Carrier C,East,3,6,1
1746,2025-09,Carrier A,North,3,4,1
1747,2025-01,Carrier A,West,3,2,1
1748,2025-12,Carrier C,North,3,5,1
1749,2025-08,Carrier C,South,3,3,1
1750,2025-02,Carrier C,East,3,5,1
1751,2025-10,Carrier C,East,3,4,1
1752,2025-01,Carrier B,North,3,3,1
1753,2025-12,Carrier A,North,3,3,1
1754,2025-02,Carrier C,South,3,5,1
1755,2025-04,Carrier A,East,3,3,1
1756,2025-09,Carrier B,South,3,2,1
1757,2025-12,Carrier C,South,3,3,1
1758,2025-12,Carrier A,West,3,2,0
1759,2025-03,Carrier B,North,3,2,1
1760,2025-04,Carrier C,South,3,3,1
1761,2025-12,Carrier C,South,3,2,1
1762,2025-01,Carrier A,East,3,3,1
1763,2025-03,Carrier C,North,3,3,1
1764,2025-01,Carrier C,East,3,3,1
1765,2025-09,Carrier B,South,3,2,1
1766,2025-03,Carrier B,North,3,1,1
1767,2025-01,Carrier B,South,3,4,1
1768,2025-12,Carrier B,South,3,3,1
1769,2025-11,Carrier A,West,3,4,1
1770,2025-01,Carrier B,North,3,3,1
1771,2025-04,Carrier C,South,3,5,1
1772,2025-04,Carrier A,East,3,3,1
1773,2025-07,Carrier C,North,3,4,1
1774,2025-11,Carrier C,East,3,2,1
1775,2025-06,Carrier C,East,3,6,1
1776,2025-07,Carrier A,South,3,2,1
1777,2025-04,Carrier A,South,3,3,1
1778,2025-04,Carrier A,East,3,2,0
1779,2025-01,Carrier C,North,3,3,1
1780,2025-08,Carrier A,West,3,3,1
1781,2025-04,Carrier C,West,3,5,0
1782,2025-05,Carrier B,North,3,2,1
1783,2025-02,Carrier C,East,3,5,1
1784,2025-10,Carrier A,North,3,1,1
1785,2025-05,Carrier C,North,3,5,1
1786,2025-03,Carrier B,East,3,2,1
1787,2025-11,Carrier A,South,3,3,1
1788,2025-01,Carrier A,North,3,3,1
1789,2025-09,Carrier A,West,3,3,1
1790,2025-10,Carrier A,South,3,1,1
1791,2025-11,Carrier A,South,3,2,1
1792,2025-02,Carrier B,East,3,2,1
1793,2025-02,Carrier B,East,3,4,1
1794,2025-10,Carrier A,West,3,2,0
1795,2025-08,Carrier A,North,3,3,1
1796,2025-04,Carrier A,South,3,1,1
1797,2025-08,Carrier A,East,3,2,0
1798,2025-04,Carrier B,East,3,2,1
1799,2025-01,Carrier B,West,3,2,1
1800,2025-06,Carrier B,North,3,3,1
1801,2025-07,Carrier B,North,3,2,1
1802,2025-03,Carrier B,North,3,3,0
1803,2025-03,Carrier C,South,3,6,1
1804,2025-03,Carrier B,East,3,1,1
1805,2025-09,Carrier C,South,3,4,1
1806,2025-09,Carrier A,East,3,2,1
1807,2025-07,Carrier A,North,3,4,1
1808,2025-11,Carrier C,North,3,6,1
1809,2025-09,Carrier C,West,3,2,1
1810,2025-11,Carrier B,North,3,3,1
1811,2025-04,Carrier C,East,3,2,1
1812,2025-10,Carrier A,North,3,3,1
1813,2025-07,Carrier B,North,3,2,1
1814,2025-09,Carrier B,West,3,3,1
1815,2025-08,Carrier C,South,3,3,1
1816,2025-06,Carrier B,North,3,1,1
1817,2025-02,Carrier B,West,3,2,0
1818,2025-07,Carrier B,North,3,3,1
1819,2025-11,Carrier A,North,3,2,1
1820,2025-04,Carrier C,North,3,3,1
1821,2025-07,Carrier B,West,3,4,1
1822,2025-07,Carrier C,South,3,3,1
1823,2025-07,Carrier A,East,3,4,1
1824,2025-10,Carrier B,East,3,3,1
1825,2025-09,Carrier C,South,3,3,1
1826,2025-10,Carrier A,West,3,3,1
1827,2025-05,Carrier B,South,3,2,1
1828,2025-08,Carrier B,East,3,2,1
1829,2025-09,Carrier B,West,3,2,1
1830,2025-01,Carrier C,East,3,3,1
1831,2025-01,Carrier B,West,3,3,1
1832,2025-08,Carrier B,North,3,1,1
1833,2025-08,Carrier C,East,3,2,0
1834,2025-12,Carrier B,West,3,4,1
1835,2025-12,Carrier C,West,3,3,1
1836,2025-01,Carrier B,West,3,2,0
1837,2025-02,Carrier B,North,3,2,1
1838,2025-04,Carrier A,East,3,4,0
1839,2025-01,Carrier A,North,3,2,1
1840,2025-10,Carrier B,East,3,2,1
1841,2025-05,Carrier C,South,3,3,1
1842,2025-07,Carrier C,North,3,3,1
1843,2025-02,Carrier C,West,3,3,1
1844,2025-12,Carrier B,North,3,2,1
1845,2025-08,Carrier A,North,3,2,1
1846,2025-07,Carrier C,East,3,2,1
1847,2025-01,Carrier B,West,3,2,1
1848,2025-10,Carrier B,South,3,3,1
1849,2025-04,Carrier C,South,3,6,1
1850,2025-09,Carrier A,North,3,3,1
1851,2025-10,Carrier A,East,3,2,1
1852,2025-05,Carrier A,East,3,3,1
1853,2025-11,Carrier B,East,3,2,1
1854,2025-04,Carrier A,North,3,2,1
1855,2025-08,Carrier C,East,3,3,1
1856,2025-06,Carrier B,West,3,2,1
1857,2025-09,Carrier A,East,3,3,1
1858,2025-03,Carrier A,South,3,2,1
1859,2025-04,Carrier B,West,3,2,1
1860,2025-07,Carrier A,East,3,4,1
1861,2025-09,Carrier B,West,3,3,1
1862,2025-12,Carrier B,West,3,3,1
1863,2025-03,Carrier B,East,3,3,1
1864,2025-10,Carrier B,South,3,2,1
1865,2025-10,Carrier B,East,3,1,1
1866,2025-01,Carrier B,South,3,2,1
1867,2025-12,Carrier A,East,3,2,1
1868,2025-08,Carrier B,North,3,2,1
1869,2025-10,Carrier A,North,3,2,0
1870,2025-04,Carrier B,East,3,2,1
1871,2025-03,Carrier B,North,3,3,1
1872,2025-02,Carrier B,South,3,4,1
1873,2025-12,Carrier A,West,3,2,1
1874,2025-02,Carrier A,North,3,4,1
1875,2025-12,Carrier A,South,3,2,1
1876,2025-01,Carrier A,East,3,3,1
1877,2025-10,Carrier B,North,3,3,1
1878,2025-08,Carrier C,North,3,5,1
1879,2025-08,Carrier B,North,3,2,1
1880,2025-06,Carrier C,South,3,5,1
1881,2025-06,Carrier B,East,3,3,1
1882,2025-03,Carrier C,East,3,3,1
1883,2025-10,Carrier B,North,3,2,1
1884,2025-07,Carrier A,South,3,3,1
1885,2025-09,Carrier A,South,3,3,1
1886,2025-06,Carrier A,West,3,3,1
1887,2025-11,Carrier A,West,3,4,1
1888,2025-11,Carrier C,South,3,3,1
1889,2025-10,Carrier A,North,3,2,1
1890,2025-08,Carrier B,North,3,1,1
1891,2025-03,Carrier B,South,3,3,1
1892,2025-02,Carrier A,North,3,3,1
1893,2025-06,Carrier C,North,3,3,1
1894,2025-06,Carrier C,West,3,5,1
1895,2025-02,Carrier C,South,3,3,1
1896,2025-07,Carrier C,East,3,5,1
1897,2025-01,Carrier B,South,3,3,1
1898,2025-12,Carrier C,North,3,5,1
1899,2025-06,Carrier C,West,3,6,1
1900,2025-10,Carrier A,West,3,3,1
1901,2025-11,Carrier C,North,3,6,1
1902,2025-08,Carrier A,East,3,3,1
1903,2025-02,Carrier A,East,3,1,1
1904,2025-03,Carrier A,West,3,2,1
1905,2025-03,Carrier C,North,3,4,1
1906,2025-08,Carrier C,East,3,6,1
1907,2025-04,Carrier B,North,3,2,1
1908,2025-06,Carrier B,West,3,2,1
1909,2025-01,Carrier B,North,3,3,1
1910,2025-08,Carrier A,East,3,2,1
1911,2025-06,Carrier A,East,3,2,1
1912,2025-07,Carrier A,East,3,1,1
1913,2025-03,Carrier A,North,3,3,1
1914,2025-12,Carrier A,South,3,1,1
1915,2025-03,Carrier B,West,3,2,0
1916,2025-12,Carrier C,South,3,3,1
1917,2025-01,Carrier A,East,3,4,1
1918,2025-09,Carrier A,West,3,2,1
1919,2025-12,Carrier B,East,3,4,1
1920,2025-01,Carrier B,East,3,2,1
1921,2025-12,Carrier B,South,3,2,1
1922,2025-11,Carrier B,North,3,2,1
1923,2025-04,Carrier C,South,3,3,1
1924,2025-01,Carrier C,North,3,3,1
1925,2025-11,Carrier B,West,3,2,1
1926,2025-03,Carrier B,East,3,3,1
1927,2025-08,Carrier C,East,3,5,1
1928,2025-06,Carrier A,South,3,2,1
1929,2025-09,Carrier A,South,3,2,0
1930,2025-08,Carrier C,East,3,4,1
1931,2025-03,Carrier C,North,3,2,1
1932,2025-02,Carrier A,East,3,1,1
1933,2025-05,Carrier C,North,3,3,1
1934,2025-11,Carrier C,South,3,2,1
1935,2025-09,Carrier B,East,3,1,1
1936,2025-04,Carrier B,West,3,3,1
1937,2025-01,Carrier C,West,3,3,1
1938,2025-02,Carrier B,West,3,4,1
1939,2025-11,Carrier C,East,3,2,1
1940,2025-09,Carrier B,West,3,2,1
1941,2025-10,Carrier A,West,3,3,1
1942,2025-10,Carrier C,North,3,3,1
1943,2025-10,Carrier C,North,3,4,1
1944,2025-05,Carrier B,East,3,4,1
1945,2025-10,Carrier A,South,3,1,1
1946,2025-09,Carrier C,South,3,5,1
1947,2025-09,Carrier A,East,3,3,1
1948,2025-09,Carrier C,East,3,5,1
1949,2025-05,Carrier B,South,3,2,1
1950,2025-07,Carrier C,North,3,5,1
1951,2025-06,Carrier B,East,3,4,1
1952,2025-11,Carrier B,East,3,3,1
1953,2025-01,Carrier C,West,3,3,1
1954,2025-01,Carrier A,North,3,3,1
1955,2025-06,Carrier C,West,3,6,1
1956,2025-09,Carrier A,North,3,1,1
1957,2025-11,Carrier B,East,3,2,1
1958,2025-07,Carrier A,West,3,3,1
1959,2025-08,Carrier B,South,3,3,1
1960,2025-05,Carrier B,East,3,4,1
1961,2025-11,Carrier B,West,3,3,1
1962,2025-12,Carrier B,North,3,4,1
1963,2025-07,Carrier B,South,3,4,1
1964,2025-10,Carrier A,North,3,3,1
1965,2025-11,Carrier C,East,3,5,1
1966,2025-07,Carrier C,South,3,3,1
1967,2025-10,Carrier B,West,3,1,1
1968,2025-11,Carrier A,East,3,2,1
1969,2025-04,Carrier A,West,3,2,1
1970,2025-09,Carrier B,North,3,3,1
1971,2025-08,Carrier B,South,3,2,1
1972,2025-01,Carrier C,East,3,4,1
1973,2025-08,Carrier C,West,3,5,1
1974,2025-08,Carrier B,North,3,2,1
1975,2025-06,Carrier B,North,3,2,1
1976,2025-08,Carrier C,West,3,3,1
1977,2025-02,Carrier A,North,3,4,1
1978,2025-08,Carrier B,South,3,1,1
1979,2025-09,Carrier C,North,3,6,1
1980,2025-08,Carrier A,South,3,4,1
1981,2025-10,Carrier B,South,3,3,1
1982,2025-10,Carrier A,North,3,2,1
1983,2025-03,Carrier C,North,3,3,1
1984,2025-01,Carrier C,North,3,5,1
1985,2025-03,Carrier B,East,3,3,1
1986,2025-12,Carrier C,South,3,3,1
1987,2025-06,Carrier C,East,3,3,1
1988,2025-06,Carrier B,West,3,3,1
1989,2025-01,Carrier A,South,3,4,1
1990,2025-02,Carrier C,East,3,3,1
1991,2025-09,Carrier C,North,3,5,1
1992,2025-12,Carrier C,East,3,3,1
1993,2025-06,Carrier A,West,3,4,1
1994,2025-03,Carrier C,North,3,3,1
1995,2025-08,Carrier A,North,3,2,1
1996,2025-10,Carrier A,West,3,3,1
1997,2025-07,Carrier C,West,3,6,1
1998,2025-09,Carrier B,South,3,2,1
1999,2025-02,Carrier B,West,3,3,1
2000,2025-12,Carrier A,South,3,2,1
2001,2025-08,Carrier A,South,3,3,1
2002,2025-04,Carrier A,North,3,4,1
2003,2025-12,Carrier B,South,3,3,1
2004,2025-11,Carrier C,North,3,2,1
2005,2025-04,Carrier C,East,3,6,1
2006,2025-11,Carrier B,West,3,4,1
2007,2025-04,Carrier A,North,3,2,1
2008,2025-10,Carrier A,East,3,2,1
2009,2025-01,Carrier A,North,3,4,1
2010,2025-11,Carrier B,West,3,2,1
2011,2025-10,Carrier A,South,3,3,1
2012,2025-02,Carrier B,East,3,3,1
2013,2025-12,Carrier A,South,3,1,1
2014,2025-09,Carrier A,East,3,4,1
2015,2025-01,Carrier B,North,3,2,1
2016,2025-11,Carrier B,South,3,1,1
2017,2025-06,Carrier A,East,3,3,1
2018,2025-06,Carrier A,West,3,2,1
2019,2025-11,Carrier C,West,3,3,1
2020,2025-05,Carrier C,North,3,2,0
2021,2025-07,Carrier C,North,3,3,1
2022,2025-05,Carrier C,South,3,3,1
2023,2025-09,Carrier A,South,3,3,1
2024,2025-02,Carrier C,South,3,3,1
2025,2025-06,Carrier B,North,3,3,1
2026,2025-12,Carrier C,East,3,3,1
2027,2025-01,Carrier A,West,3,3,1
2028,2025-03,Carrier C,North,3,3,1
2029,2025-04,Carrier C,East,3,5,1
2030,2025-04,Carrier C,West,3,2,1
2031,2025-03,Carrier A,East,3,3,1
2032,2025-05,Carrier A,West,3,1,1
2033,2025-11,Carrier B,South,3,4,1
2034,2025-01,Carrier C,East,3,2,1
2035,2025-05,Carrier B,South,3,2,1
2036,2025-06,Carrier B,East,3,3,1
2037,2025-08,Carrier A,East,3,2,1
2038,2025-02,Carrier B,North,3,3,1
2039,2025-07,Carrier A,North,3,4,1
2040,2025-11,Carrier C,North,3,6,1
2041,2025-01,Carrier C,North,3,5,1
2042,2025-04,Carrier A,North,3,1,1
2043,2025-05,Carrier B,West,3,2,1
2044,2025-10,Carrier C,East,3,6,1
2045,2025-01,Carrier C,West,3,4,1
2046,2025-09,Carrier C,East,3,6,1
2047,2025-07,Carrier A,West,3,1,1
2048,2025-04,Carrier B,North,3,3,1
2049,2025-04,Carrier C,East,3,5,1
2050,2025-11,Carrier A,North,3,2,1
2051,2025-09,Carrier A,South,3,2,1
2052,2025-08,Carrier A,East,3,2,1
2053,2025-12,Carrier B,South,3,2,1
2054,2025-02,Carrier B,East,3,3,0
2055,2025-04,Carrier C,East,3,5,1
2056,2025-09,Carrier B,North,3,3,1
2057,2025-08,Carrier B,North,3,4,1
2058,2025-01,Carrier A,North,3,3,1
2059,2025-07,Carrier C,South,3,3,1
2060,2025-08,Carrier B,West,3,3,1
2061,2025-10,Carrier C,North,3,5,1
2062,2025-05,Carrier A,East,3,4,0
2063,2025-07,Carrier C,North,3,5,1
2064,2025-07,Carrier B,North,3,2,1
2065,2025-09,Carrier C,North,3,2,0
2066,2025-03,Carrier C,South,3,5,1
2067,2025-03,Carrier A,West,3,2,1
2068,2025-02,Carrier C,South,3,6,1
2069,2025-06,Carrier A,East,3,2,1
2070,2025-09,Carrier C,North,3,6,1
2071,2025-05,Carrier C,South,3,6,1
2072,2025-12,Carrier C,South,3,4,1
2073,2025-11,Carrier A,East,3,2,1
2074,2025-04,Carrier A,North,3,4,1
2075,2025-08,Carrier B,East,3,2,1
2076,2025-02,Carrier A,West,3,3,1
2077,2025-05,Carrier C,West,3,5,1
2078,2025-05,Carrier A,South,3,3,1
2079,2025-06,Carrier C,South,3,2,1
2080,2025-12,Carrier A,West,3,4,1
2081,2025-12,Carrier B,South,3,3,1
2082,2025-01,Carrier B,North,3,2,1
2083,2025-01,Carrier A,North,3,2,1
2084,2025-05,Carrier C,North,3,6,1
2085,2025-03,Carrier A,East,3,1,1
2086,2025-06,Carrier C,West,3,2,1
2087,2025-03,Carrier A,West,3,1,1
2088,2025-01,Carrier B,East,3,1,1
2089,2025-09,Carrier B,North,3,1,1
2090,2025-05,Carrier C,West,3,3,1
2091,2025-06,Carrier C,West,3,6,1
2092,2025-06,Carrier C,North,3,3,1
2093,2025-12,Carrier C,West,3,4,1
2094,2025-03,Carrier B,East,3,1,1
2095,2025-03,Carrier B,West,3,1,1
2096,2025-09,Carrier C,South,3,3,1
2097,2025-10,Carrier A,South,3,3,1
2098,2025-10,Carrier A,West,3,2,1
2099,2025-07,Carrier C,East,3,2,1
2100,2025-10,Carrier A,South,3,2,1
2101,2025-12,Carrier B,East,3,2,1
2102,2025-08,Carrier A,East,3,1,1
2103,2025-05,Carrier B,North,3,2,1
2104,2025-05,Carrier A,East,3,2,1
2105,2025-07,Carrier B,South,3,1,1
2106,2025-01,Carrier A,South,3,3,1
2107,2025-05,Carrier C,North,3,6,1
2108,2025-06,Carrier C,South,3,5,1
2109,2025-09,Carrier A,South,3,2,1
2110,2025-06,Carrier C,South,3,6,1
2111,2025-10,Carrier C,West,3,3,1
2112,2025-07,Carrier B,West,3,1,1
2113,2025-01,Carrier B,North,3,3,1
2114,2025-01,Carrier A,West,3,3,1
2115,2025-06,Carrier B,South,3,1,1
2116,2025-04,Carrier C,North,3,3,1
2117,2025-01,Carrier B,West,3,3,1
2118,2025-02,Carrier B,West,3,1,1
2119,2025-07,Carrier B,East,3,3,0
2120,2025-05,Carrier B,North,3,2,1
2121,2025-01,Carrier A,West,3,2,1
2122,2025-03,Carrier C,North,3,6,1
2123,2025-05,Carrier B,West,3,1,1
2124,2025-01,Carrier B,South,3,2,1
2125,2025-07,Carrier C,West,3,3,1
2126,2025-05,Carrier A,East,3,4,1
2127,2025-01,Carrier B,West,3,2,1
2128,2025-04,Carrier B,East,3,1,1
2129,2025-05,Carrier A,West,3,2,1
2130,2025-12,Carrier A,East,3,3,1
2131,2025-11,Carrier B,West,3,1,1
2132,2025-04,Carrier B,East,3,2,1
2133,2025-01,Carrier A,South,3,2,0
2134,2025-10,Carrier B,East,3,1,1
2135,2025-12,Carrier C,West,3,4,1
2136,2025-01,Carrier C,East,3,2,1
2137,2025-05,Carrier C,North,3,2,1
2138,2025-11,Carrier C,West,3,5,1
2139,2025-05,Carrier C,West,3,4,1
2140,2025-07,Carrier A,West,3,3,1
2141,2025-09,Carrier C,West,3,3,1
2142,2025-03,Carrier B,East,3,4,0
2143,2025-01,Carrier C,North,3,3,0
2144,2025-08,Carrier A,South,3,3,1
2145,2025-05,Carrier A,East,3,3,1
2146,2025-03,Carrier C,East,3,4,1
2147,2025-10,Carrier A,South,3,2,1
2148,2025-09,Carrier C,South,3,2,1
2149,2025-07,Carrier C,South,3,6,1
2150,2025-06,Carrier B,North,3,2,1
2151,2025-12,Carrier B,East,3,2,1
2152,2025-10,Carrier B,West,3,3,1
2153,2025-09,Carrier B,East,3,2,1
2154,2025-04,Carrier C,North,3,3,1
2155,2025-11,Carrier B,East,3,3,1
2156,2025-03,Carrier A,West,3,2,1
2157,2025-07,Carrier B,North,3,4,1
2158,2025-09,Carrier B,South,3,2,1
2159,2025-09,Carrier B,South,3,2,1
2160,2025-02,Carrier A,North,3,2,1
2161,2025-04,Carrier C,North,3,2,1
2162,2025-06,Carrier C,East,3,5,1
2163,2025-01,Carrier A,North,3,1,1
2164,2025-01,Carrier B,East,3,3,1
2165,2025-10,Carrier B,West,3,1,1
2166,2025-10,Carrier A,South,3,3,1
2167,2025-04,Carrier B,East,3,2,1
2168,2025-04,Carrier B,North,3,2,1
2169,2025-08,Carrier B,East,3,3,1
2170,2025-08,Carrier A,North,3,3,1
2171,2025-03,Carrier A,North,3,2,1
2172,2025-04,Carrier B,South,3,1,1
2173,2025-09,Carrier C,North,3,5,1
2174,2025-04,Carrier A,East,3,2,1
2175,2025-10,Carrier A,West,3,3,0
2176,2025-03,Carrier C,East,3,3,1
2177,2025-12,Carrier C,South,3,6,1
2178,2025-09,Carrier C,North,3,4,1
2179,2025-02,Carrier B,East,3,3,1
2180,2025-11,Carrier A,West,3,2,1
2181,2025-09,Carrier A,South,3,4,1
2182,2025-09,Carrier B,South,3,2,1
2183,2025-10,Carrier B,North,3,1,1
2184,2025-12,Carrier C,West,3,3,1
2185,2025-11,Carrier B,East,3,3,0
2186,2025-05,Carrier A,East,3,4,1
2187,2025-08,Carrier B,South,3,4,1
2188,2025-06,Carrier C,West,3,3,1
2189,2025-01,Carrier B,South,3,4,1
2190,2025-02,Carrier B,West,3,3,1
2191,2025-09,Carrier C,East,3,4,1
2192,2025-07,Carrier A,West,3,1,1
2193,2025-12,Carrier C,North,3,4,1
2194,2025-12,Carrier B,East,3,4,1
2195,2025-01,Carrier C,East,3,2,1
2196,2025-01,Carrier A,East,3,4,1
2197,2025-09,Carrier C,East,3,4,1
2198,2025-07,Carrier C,South,3,3,1
2199,2025-04,Carrier B,North,3,3,1
2200,2025-12,Carrier C,South,3,3,1
2201,2025-07,Carrier C,North,3,3,1
2202,2025-12,Carrier A,North,3,2,1
2203,2025-10,Carrier B,North,3,3,1
2204,2025-03,Carrier B,North,3,3,1
2205,2025-04,Carrier B,South,3,1,1
2206,2025-02,Carrier B,North,3,3,1
2207,2025-02,Carrier B,North,3,2,1
2208,2025-04,Carrier C,North,3,3,1
2209,2025-05,Carrier B,South,3,2,1
2210,2025-04,Carrier C,South,3,3,1
2211,2025-08,Carrier A,East,3,2,1
2212,2025-10,Carrier B,North,3,3,1
2213,2025-01,Carrier C,North,3,2,1
2214,2025-11,Carrier C,North,3,2,1
2215,2025-05,Carrier A,West,3,2,1
2216,2025-06,Carrier C,West,3,4,1
2217,2025-05,Carrier B,South,3,4,1
2218,2025-10,Carrier B,North,3,2,1
2219,2025-03,Carrier A,South,3,3,1
2220,2025-05,Carrier C,South,3,6,1
2221,2025-12,Carrier B,North,3,4,1
2222,2025-12,Carrier A,West,3,4,0
2223,2025-03,Carrier C,South,3,4,1
2224,2025-03,Carrier B,West,3,3,1
2225,2025-12,Carrier A,South,3,4,1
2226,2025-08,Carrier C,South,3,2,1
2227,2025-04,Carrier C,North,3,4,1
2228,2025-04,Carrier B,West,3,3,1
2229,2025-07,Carrier A,West,3,1,1
2230,2025-07,Carrier A,West,3,1,1
2231,2025-05,Carrier A,West,3,3,1
2232,2025-11,Carrier A,East,3,2,1
2233,2025-06,Carrier A,South,3,3,1
2234,2025-10,Carrier B,West,3,3,1
2235,2025-02,Carrier C,South,3,5,1
2236,2025-10,Carrier B,North,3,3,1
2237,2025-08,Carrier C,North,3,3,1
2238,2025-07,Carrier B,East,3,2,1
2239,2025-02,Carrier B,North,3,3,1
2240,2025-09,Carrier B,East,3,3,1
2241,2025-01,Carrier B,West,3,2,1
2242,2025-01,Carrier B,South,3,3,1
2243,2025-05,Carrier C,South,3,3,1
2244,2025-05,Carrier A,West,3,2,1
2245,2025-09,Carrier C,South,3,3,1
2246,2025-11,Carrier C,North,3,2,1
2247,2025-07,Carrier C,West,3,2,1
2248,2025-10,Carrier C,North,3,2,1
2249,2025-03,Carrier A,South,3,3,0
2250,2025-11,Carrier A,South,3,4,1
2251,2025-11,Carrier B,East,3,2,1
2252,2025-03,Carrier A,North,3,3,1
2253,2025-11,Carrier C,West,3,4,1
2254,2025-03,Carrier A,West,3,3,1
2255,2025-01,Carrier A,South,3,2,1
2256,2025-09,Carrier A,East,3,1,1
2257,2025-03,Carrier C,East,3,4,1
2258,2025-07,Carrier C,South,3,2,1
2259,2025-11,Carrier A,East,3,2,1
2260,2025-12,Carrier A,North,3,1,1
2261,2025-03,Carrier B,South,3,2,1
2262,2025-07,Carrier B,West,3,2,1
2263,2025-07,Carrier A,East,3,1,1
2264,2025-08,Carrier B,West,3,4,1
2265,2025-08,Carrier B,East,3,3,1
2266,2025-02,Carrier C,West,3,2,1
2267,2025-05,Carrier B,South,3,2,1
2268,2025-04,Carrier C,South,3,2,1
2269,2025-06,Carrier C,South,3,2,1
2270,2025-10,Carrier C,East,3,3,1
2271,2025-05,Carrier A,South,3,2,1
2272,2025-12,Carrier C,East,3,5,1
2273,2025-04,Carrier B,North,3,1,1
2274,2025-09,Carrier A,East,3,4,1
2275,2025-05,Carrier C,South,3,2,1
2276,2025-09,Carrier C,West,3,3,1
2277,2025-01,Carrier A,South,3,1,1
2278,2025-02,Carrier A,East,3,4,1
2279,2025-02,Carrier A,North,3,2,1
2280,2025-01,Carrier B,East,3,2,1
2281,2025-07,Carrier B,North,3,2,1
2282,2025-11,Carrier B,North,3,3,1
2283,2025-04,Carrier C,North,3,3,1
2284,2025-12,Carrier B,West,3,3,1
2285,2025-07,Carrier A,West,3,2,1
2286,2025-03,Carrier C,North,3,4,1
2287,2025-05,Carrier C,South,3,6,1
2288,2025-07,Carrier B,South,3,2,1
2289,2025-12,Carrier A,North,3,3,1
2290,2025-03,Carrier B,East,3,3,1
2291,2025-10,Carrier C,East,3,3,1
2292,2025-10,Carrier C,North,3,3,1
2293,2025-03,Carrier A,South,3,1,1
2294,2025-03,Carrier C,West,3,3,1
2295,2025-05,Carrier A,East,3,3,0
2296,2025-02,Carrier A,East,3,2,1
2297,2025-11,Carrier C,West,3,5,1
2298,2025-10,Carrier B,North,3,3,1
2299,2025-04,Carrier A,North,3,3,1
2300,2025-12,Carrier A,East,3,1,1
2301,2025-10,Carrier C,South,3,3,1
2302,2025-05,Carrier C,East,3,6,1
2303,2025-08,Carrier B,West,3,3,1
2304,2025-08,Carrier C,East,3,6,1
2305,2025-03,Carrier B,South,3,3,1
2306,2025-08,Carrier C,South,3,6,1
2307,2025-05,Carrier A,South,3,2,1
2308,2025-08,Carrier A,East,3,3,1
2309,2025-02,Carrier B,South,3,3,1
2310,2025-05,Carrier C,North,3,5,1
2311,2025-08,Carrier C,West,3,6,1
2312,2025-09,Carrier B,East,3,2,1
2313,2025-10,Carrier A,East,3,2,1
2314,2025-08,Carrier A,East,3,4,1
2315,2025-07,Carrier A,South,3,2,1
2316,2025-11,Carrier C,North,3,5,1
2317,2025-01,Carrier C,West,3,6,1
2318,2025-03,Carrier A,South,3,3,1
2319,2025-01,Carrier C,South,3,2,1
2320,2025-05,Carrier A,East,3,2,1
2321,2025-02,Carrier C,North,3,6,1
2322,2025-05,Carrier C,West,3,6,1
2323,2025-11,Carrier C,West,3,5,1
2324,2025-08,Carrier A,South,3,1,1
2325,2025-10,Carrier B,North,3,3,1
2326,2025-07,Carrier C,East,3,3,1
2327,2025-06,Carrier C,North,3,3,0
2328,2025-07,Carrier B,South,3,3,1
2329,2025-09,Carrier C,West,3,3,1
2330,2025-07,Carrier C,South,3,4,1
2331,2025-03,Carrier B,South,3,4,1
2332,2025-04,Carrier A,West,3,2,1
2333,2025-03,Carrier C,North,3,3,1
2334,2025-12,Carrier A,East,3,4,1
2335,2025-07,Carrier A,West,3,2,0
2336,2025-05,Carrier C,West,3,5,1
2337,2025-03,Carrier A,East,3,1,1
2338,2025-04,Carrier B,North,3,2,1
2339,2025-12,Carrier C,South,3,6,1
2340,2025-11,Carrier B,South,3,2,1
2341,2025-04,Carrier C,East,3,2,1
2342,2025-09,Carrier C,East,3,4,1
2343,2025-04,Carrier B,North,3,4,1
2344,2025-06,Carrier A,South,3,3,1
2345,2025-02,Carrier B,East,3,2,1
2346,2025-06,Carrier A,East,3,4,1
2347,2025-12,Carrier B,North,3,2,1
2348,2025-03,Carrier C,West,3,6,1
2349,2025-05,Carrier C,South,3,2,0
2350,2025-06,Carrier C,East,3,2,1
2351,2025-09,Carrier C,East,3,5,1
2352,2025-10,Carrier C,South,3,3,1
2353,2025-04,Carrier B,South,3,1,1
2354,2025-04,Carrier B,West,3,3,1
2355,2025-01,Carrier C,West,3,3,1
2356,2025-03,Carrier B,North,3,3,0
2357,2025-10,Carrier A,South,3,3,1
2358,2025-02,Carrier A,South,3,2,1
2359,2025-04,Carrier B,North,3,3,1
2360,2025-08,Carrier B,North,3,1,1
2361,2025-12,Carrier B,South,3,3,1
2362,2025-08,Carrier A,South,3,3,1
2363,2025-07,Carrier B,West,3,1,1
2364,2025-09,Carrier C,East,3,5,1
2365,2025-03,Carrier B,East,3,3,1
2366,2025-12,Carrier B,South,3,1,1
2367,2025-08,Carrier B,South,3,2,1
2368,2025-11,Carrier C,East,3,3,1
2369,2025-09,Carrier A,East,3,2,1
2370,2025-04,Carrier C,South,3,3,1
2371,2025-02,Carrier C,West,3,5,1
2372,2025-07,Carrier A,West,3,3,1
2373,2025-05,Carrier B,East,3,1,1
2374,2025-03,Carrier A,East,3,3,1
2375,2025-07,Carrier B,South,3,2,1
2376,2025-05,Carrier C,West,3,4,1
2377,2025-10,Carrier A,North,3,1,1
2378,2025-09,Carrier A,East,3,2,1
2379,2025-05,Carrier B,North,3,2,1
2380,2025-07,Carrier C,West,3,3,1
2381,2025-07,Carrier A,South,3,3,1
2382,2025-08,Carrier C,North,3,3,1
2383,2025-05,Carrier A,East,3,3,1
2384,2025-06,Carrier B,North,3,3,1
2385,2025-03,Carrier A,North,3,1,1
2386,2025-11,Carrier B,West,3,2,1
2387,2025-04,Carrier B,South,3,1,1
2388,2025-01,Carrier B,East,3,1,1
2389,2025-11,Carrier B,South,3,4,1
2390,2025-04,Carrier A,North,3,4,1
2391,2025-02,Carrier A,North,3,1,1
2392,2025-03,Carrier B,South,3,3,0
2393,2025-04,Carrier A,South,3,3,1
2394,2025-05,Carrier B,West,3,2,1
2395,2025-02,Carrier B,North,3,1,1
2396,2025-08,Carrier A,East,3,3,1
2397,2025-04,Carrier A,West,3,2,1
2398,2025-05,Carrier B,North,3,2,1
2399,2025-01,Carrier B,West,3,3,1
2400,2025-05,Carrier A,North,3,3,1
